0,1,2,3,4,clusters
0.5304874925334766,3.6863711756570496,-1.393358614594491,-3.9748411070231326,0.12468941695483589,0
-1.4852477292326969,5.523045660778351,-1.2807217456595628,-1.2258302053340202,0.035773651324726645,0
0.35091302307209354,4.793056218918512,0.6393730783271212,-3.85803944788558,0.596512527403533,0
-0.626394826488217,7.184464421949341,-0.1791504800736747,-3.1505947005547466,0.0,0
1.8250521370710326,4.806846915977849,-0.4612588460753644,-3.244213887186176,0.1301712904752318,0
1.1881713458860454,5.838172673324484,-0.23836501894323514,-2.5462675165382946,0.0,0
-1.3598243838167274,6.061719897538617,-0.6714614285224482,-4.101278460442023,0.0,0
2.5904856979594286,2.93980275032015,-1.1264333431896492,-4.308027543139414,0.0,0
3.1681315504890217,6.315822029264344,0.5087128267150965,-2.873684938148299,0.0,0
-0.09336600374819252,4.0354603803178195,0.059181725767944116,-1.307966885239109,0.0,0
-0.27800211001677466,4.839498495636858,-1.1972394129402586,-3.1507619222208594,0.0,0
0.7717842924793593,5.305275867967838,0.45549915677437625,-2.477798554452862,0.0,0
-0.2573834131254299,5.192899399482167,-0.39144423583353666,-3.803228991575308,0.7873253546585132,0
0.5768829145043547,4.647439292364087,-0.8480564393901511,-2.4598025487937116,0.7719752231037745,0
-0.8594143593007957,6.359423250521104,-0.9188869414951132,-3.1100669570406656,0.0,0
1.297241685290749,3.5658043615677952,-0.4655817307215283,-2.5467903307148614,0.3146548904727684,0
0.24212725109971744,3.664231878585503,-0.9230169767131601,-4.222935907127762,0.0,0
-1.8745259403871979,6.2970914469982855,-1.3413437989213093,-5.040485817928563,0.0,0
1.6763382897991532,5.9811570526176405,-0.2104437466548073,-2.4427216467336006,0.0,0
1.5362045285860662,3.6068866337095713,0.031983247845615737,-3.752150339346626,0.0,0
0.046596205895716135,4.561912981535064,-1.672024375620365,-4.466892726163333,0.0,0
-0.3835937733214725,4.824558222006705,0.35672349485078203,-3.0890081368643543,0.0,0
1.09028902034879,0.19138237438610206,3.7476862247043696,0.27412355940079614,0.0,1
0.061867728555903834,1.6800791808426943,3.529426862535681,-0.7184677847828438,0.0,1
-0.7422021956354975,0.20757910892506826,3.018865326722511,0.4256022684632259,0.0,1
0.04772763991264528,1.9325818887364616,3.321637520129344,1.5959211577300847,1.2788876964492766,1
-1.8585461747616296,2.591897675192779,2.5363330498058945,-0.34404639239983775,1.3184430089665196,1
-1.712124334635772,3.1819621205002404,3.7067407893862905,-1.282991367414288,0.010881090899338502,1
-0.9152703041077779,2.9059501868217215,4.83024427137409,-0.5648712901889462,0.0,1
-0.7382837647749311,3.278133372420303,2.6605557690226287,1.3412343537489568,0.6490457021180795,1
0.5375734174087389,2.2250659413143343,3.9484521062196913,-1.7521397702942734,0.0,1
-0.7439879979955106,2.466637305355124,2.204394432837755,1.0727500329806299,0.18126675264044956,1
0.22724980344463408,1.722052700297735,3.2466791532234063,-0.8297552066020233,0.0,1
-0.8209354385523369,1.3037282525605034,3.0749445202662664,-0.6916345588167094,0.0,1
-0.20524495184998404,1.4196384072927304,3.686468415688412,-0.3400988092609948,0.0,1
0.49311197568219634,1.6165439459191586,4.178547770700588,1.129438191697116,0.8569667621499822,1
-1.629601843171486,0.7767163585637968,1.8991398639349109,-1.6192849131899987,1.7790310554675328,1
-1.5308555304671936,1.9016469235695677,1.1296704532965698,-1.407845030511687,0.0,1
-2.097397760777999,0.8013496911481344,2.1164114330980173,-1.56143692836037,0.0,1
0.6242510905621089,1.040330642746004,2.991732938192848,0.6959948886380342,0.0,1
-1.3252450433413365,-0.3667053552720321,2.7936180962010573,0.27069737415974404,0.0,1
0.5316955472631887,4.113364800237415,2.262145842585931,-1.6671722475046118,0.1880688486213385,1
-1.7841057201183432,1.256379981366416,3.2226263298878632,0.558814218956091,0.0,1
-1.6139630212662421,0.6002466717184511,3.892618888956843,-0.37328412855153664,0.0,1
-2.346362649234498,3.9264829575563533,2.103588006649534,-0.35560071246757496,0.0,1
-2.3442367789559144,3.4961295994770283,2.3680791898092255,-0.42719973455999816,0.0,1
-0.3505224769011763,1.7666058023089257,3.3632094500095295,0.634686701907125,1.2561726165918714,1
-0.7920303703863805,0.6339494271286228,2.480483242845751,-0.40483090962199797,1.4901608405818394,1
-1.292846218028987,1.3668495019482187,1.4885343045071722,-0.12792010803160817,0.7657939337733477,1
-1.0320871100972193,3.256401215286366,2.264216554472748,0.7723493490816743,0.0,1
0.5893543142825718,1.8492595584690177,3.2043233496549366,-2.65831215487448,0.0,1
-2.7440993163521994,3.109609718644197,1.9037132931848335,-1.2624800977463533,0.0,1
-0.3142025091401196,0.8428068307063883,2.2788268475651527,-1.6309703934696747,0.0,1
-0.23932648134671342,2.176624677661281,3.9576185957002474,-1.1279036825236963,0.0,1
-0.4966973300384518,2.859245182536675,1.9021215267770955,-1.066471606628383,0.7626491123862271,1
-0.5230393034431078,0.5344601275908185,3.1619689791247647,0.3929202827407179,0.0,1
-1.7777175097198898,2.2368795017147645,2.0422440031753455,-1.5002676181034418,0.0,1
-0.27189686374456745,1.2904478681909382,2.962997659755553,0.5819408908772725,0.0,1
0.8814973147466799,2.0572696944515276,3.753496547253672,-0.7246921009573224,1.0323360663093726,1
-0.8555837247399909,1.575785095253438,2.8158795960685734,-0.4481457453781611,1.0648520261684744,1
-1.2950021413284623,-0.1551282787594832,2.3671403279439387,0.8018921133061719,1.4580625547193196,1
-0.7598206710937713,2.767946055821174,2.927226344521443,1.4457936600243442,0.0,1
-1.4203889839719963,2.0288263106395528,2.566133304570241,0.20828732875125489,0.0,1
-1.2119897819559975,0.8401138594519935,1.9857676814595364,0.7435781987333755,0.0,1
-1.8151943354917344,1.323554337159932,2.4719309220446917,-1.4046984298862002,0.0,1
-2.1170496153555893,2.600776047800545,2.937808853004505,0.8610920499396814,0.0,1
-0.23197673667700724,2.4247639778938446,3.110005324292608,0.5166909396474726,0.0,1
-2.648661824479619,0.5916495280176657,4.043715207038804,0.028284270139092238,0.0,1
-0.7117192364918126,2.1578185762462545,3.6422087747925653,-0.4497540202870878,0.0,1
-1.0894610598840564,2.5297253617453257,2.6966273592763037,0.3236346900771838,0.0,1
-1.4332309762181115,0.867126899814457,3.17297746710487,-0.8788737604097944,0.0,1
-2.706389514812388,1.4532424620313238,1.5851280654755242,0.1161840063830255,0.0,1
-2.101099624426171,4.346605471282967,2.303602764957014,-0.9673252426958782,0.0,1
0.5103251736732425,1.4367253091811303,3.6267330491292125,-0.41739666585008695,0.022343891142492082,1
1.3544448538733653,2.39051386524434,2.5490120597597175,-0.012902029981537833,1.1641316000053186,1
-2.256049641114904,0.7919408863098616,3.1034829823968,-1.4172812944844848,0.0,1
-2.0147468142890124,2.9976458095179543,4.145486513984212,0.7039226821961108,0.0,1
-1.5799933908327497,0.08659490871454589,2.8639522574974476,0.10198402735139273,0.0,1
-0.7779374081789243,0.7118184619919941,0.9247304711699873,-1.594313884095139,0.0,1
-1.3666380410754584,3.0854122898480023,4.381922835728099,-2.2026302829232636,0.0,1
-0.870392482973827,3.2670214934463697,1.130097848975552,-1.9658238252349474,0.0,1
-1.4315481756379569,1.6464753872419198,2.631565322934342,-0.35457908480160427,0.4451313326294451,1
1.079632541615286,1.867656221965714,3.0514364002002523,0.21286013777161972,0.6711579386933448,1
-3.2020272924910027,2.4527995425292226,3.187697707899566,-1.3784995258724853,0.0,1
-1.2657219573556118,0.5248823399374731,2.426604089947512,-0.16840430798611458,0.0,1
-1.3644174651703642,0.727866749735945,2.5774559125628937,0.23092030269976482,0.0,1
-1.1101936507766328,0.9578628408424029,3.509924460182862,1.8825798349267782,0.0,1
-2.763406275502111,0.7885857720379084,3.434247463107882,0.03972347142766269,0.9836670806233575,1
-2.40894991291109,2.5605429440302503,4.387860352906097,-0.8514273868077848,1.3499362705369045,1
-0.9442628472857573,1.5173563194999584,3.998386179958402,-1.0762862556858226,0.0,1
-0.49865742548683284,0.7813876416130354,3.5763685411969686,1.0557052490004764,0.0,1
-1.6265421198020782,2.5956460689393017,3.2782574502653703,-0.49257063604781826,0.0,1
-0.33892147097439407,1.5015329153992591,3.533540642506124,-1.0611354667730701,0.0,1
-0.8291639142209664,2.769103306548663,2.834505566590363,-0.5464286819695506,0.0,1
-0.863206645029057,0.731824857640226,1.5865017291909391,1.3228414776465431,0.0,1
0.08431383580069107,2.079103281571231,4.601202899018837,-0.45416488903220764,0.9159004366886555,1
-0.9262375500197263,2.5779162362931456,3.032286930810612,-0.4062251832122237,1.2900737434204863,1
-0.9540625428763189,0.32148351610141024,1.5274477240218265,-0.918334476550862,0.775382464680159,1
-1.0682262437433996,1.5982958590316014,1.0782531028097775,0.32793076915897,0.0,1
-2.2622970243722036,2.7274837389610918,3.643492795346426,-0.3850130385737997,0.44884252648225426,1
-1.9761673576428869,3.8033297204204692,3.237546795289754,0.6567023718101581,0.0,1
-2.07622421635937,1.7518293181753977,3.8954689642720397,2.1523707869163498,0.5193127573638616,1
0.16521480867371252,2.6255295116305697,3.219109040098217,-1.666215904412382,0.4042423034961774,1
1.168700331636205,1.3790175282034753,1.8586790990529547,-0.6622516485527862,0.6471175967117242,1
0.05723850924790541,1.3620575932439802,2.232818737370637,0.038040589955037285,0.0,1
-1.6542298760149765,1.2106932061134734,1.6804030807496835,0.8398501437988078,0.0,1
-1.3337791162961894,3.7015250331747023,3.248152568023346,-0.4120627977244479,0.0,1
-1.896927048131632,1.7686595483375696,3.552530221869261,-1.1729421767852224,0.7671405970619237,1
-1.993212414483454,2.0273990044237733,3.73589751450645,-1.9697247492759913,0.0,1
0.07275003691365278,2.259827925371687,1.0347726980023522,0.7406703085749952,0.8764656279816397,1
-2.4333409356568243,2.282159155160285,3.694982791409282,-0.7458471886179359,0.0,1
-0.9365231653898768,2.856574925081878,2.4821145696720475,0.14459338591941812,0.0,1
0.21399591131104,1.7106921297285174,3.803336605083018,-0.4323243366322936,0.1365164711876452,1
-2.4085811514537734,1.4941926751458583,2.4820352467341538,0.23997822949058867,0.3828888852683069,1
1.9125448994520178,3.499555004741426,2.7644278182446147,0.27955757841638473,0.0,1
-1.5189977745550758,3.74412455611737,3.3353373269789435,-0.5982278969638544,0.0,1
1.2514623477162625,2.282844909583245,5.745326399969451,0.34258967760454107,0.0,1
0.9967708441123228,2.695907151254678,2.0302178531105834,-0.9185864055107011,0.31664996638762954,1
-1.5595163335401598,2.6411340842593622,3.3014905039071936,-1.0617470525352792,3.1309941529103678,1
0.026581204387018054,1.1911608058566392,3.2679874299369023,0.863170273606492,0.0,1
0.6948808511309487,2.018688627560392,1.7900337328813507,0.3543492525355324,0.0,1
-0.9559933641729463,1.6029216656064178,3.0833906038550816,-1.2673295580668928,0.11886352874927673,1
-1.104398365524546,3.7875899149949235,2.8750074140830395,0.37633420154824215,0.0,1
-0.7762514689767754,-0.025096235025044322,3.2012037208894757,-0.8351313444026393,0.17341216164192136,1
0.663088266826639,2.5556198651568502,6.212558825253793,0.10777435111425204,0.0,1
-0.5324587866936925,1.8886394808025593,2.1431638928557364,-1.5110429337267397,1.1208885226279586,1
-1.0346771957632552,2.261562694752618,4.111112996238029,-0.5653575067958512,1.1503344013147845,1
-0.9884971316698085,0.8939813871352658,2.5350582902314502,-2.04211251093865,0.0,1
-0.0728802497729355,1.113608244898655,3.3848165275787054,1.5025763528628366,0.0,1
-0.2383715959434769,1.8861120136468277,4.263517553929933,0.2342117307209206,1.6917927591057935,1
-1.57273202829191,2.4169699989645093,4.414981694207229,0.4635374203291017,0.0,1
-1.7905268774515977,3.3425463175686643,3.2117336053146346,0.36308950255147066,0.0,1
-2.5453892852648234,2.1927041496970783,3.3975911025878487,-0.6536772408930527,0.0,1
-1.608234881813805,2.387200964006741,2.6198108856118902,0.25599569241274267,1.332955284076601,1
-1.4603364798659684,3.619922089065737,4.1522830700025235,0.9738638624351236,0.0,1
-1.9102154906246418,3.2782949812620354,3.766868079899778,-3.096365473840813,0.0,1
-0.8797939486809716,2.6560265216337555,2.935924722684119,-0.7217855478767939,0.0,1
0.08563201824857647,1.905413331976412,2.8467975760925466,-0.8537975762780672,0.03994406398924758,1
-0.8101072781612483,2.2119118311849224,1.7896641918890082,-1.6177375039793511,0.0,1
0.32137104964304297,2.671307947316911,4.212620751150161,0.9713616204062078,0.0,1
-2.111229411972739,1.1170956456155676,2.4939539830390056,-0.5053538912612147,0.7430007267012166,1
-0.636105348856095,1.8129616728503481,3.4913724409537283,0.5325217111178581,1.00363520709768,1
-2.241959041170506,1.691803804439709,2.631985906222263,-0.6520200487611874,0.0,1
0.39934780095965305,2.3601515420360037,3.746174398641287,-0.7459073978355155,0.0,1
-0.10016784354958386,2.4660774363635767,2.805850499693553,-1.2250770506440538,0.0,1
0.3928587003575027,2.154879138770341,1.4339081507785545,0.03333607753554657,0.21152285800328996,1
1.1875417139472462,1.2374765424605625,2.338404705183328,-0.8186712769373543,0.0,1
-1.4886765405137288,2.748996572390898,5.128371632992481,-0.7655189010418689,0.0,1
-1.9488209254374933,3.468515848999213,4.4888033895273,1.5056436678782066,0.0,1
-0.4044117899486308,2.460168830495813,3.952371677246191,2.03263374134135,0.2445059164461486,1
-1.3738130051747641,2.7709945797571214,2.923572498724154,0.6895681123579754,0.0,1
-0.11302563360918738,1.0767647231548425,3.5544677222649494,0.2473145824549544,0.948851451138117,1
0.1899460351489456,1.957237656793051,3.3869958979634096,-1.0972273084304864,0.0,1
-0.8530681591923313,2.6418800352993106,3.734884699804626,-0.7179415411543464,0.3042421023799946,1
-0.9405069286395674,1.8341688165896524,2.7822934577515706,1.705460818849609,0.0,1
-0.89392719030433,2.4107868843954994,2.5913623854144885,0.555997700396625,0.0,1
-1.5605731834392236,2.017837593163912,3.3428316127931397,-1.3233570045246776,0.0,1
0.36120405598944705,4.311346962855287,2.3232819091759316,-1.2025691412481052,1.1908098640031841,1
-2.328599609912937,0.046836565967626864,2.926343228994084,0.5712346751506625,0.3036722430457792,1
0.26168011207947883,3.6693011710996553,3.730242835315941,-0.4628361634137582,0.0,1
-0.07977754777367463,3.8767490924176493,4.529088340676085,0.8718766774755143,0.0,1
-0.04133458510134813,4.264714465297146,2.636103186999891,-0.4498863234849503,0.0,1
-3.0063633545878288,5.039206388785722,-1.4838687685140108,-0.6638720959117556,0.0,2
-1.9372978145838922,4.196669903358266,-0.26096274568754185,-0.8715325112536638,2.553914583844151,2
-0.26841224185303436,4.637718912880217,-0.8829457863590797,-1.6616990879550144,0.4076067928853275,2
-3.0525434652064827,4.313398984104296,-0.38002182729122,-0.13397049488791124,0.0,2
-0.37605318053558934,5.560310871062898,-0.9466083386776696,-1.7594814238556726,0.0,2
-2.538300659258958,3.644517976409517,-1.3675588382783535,-1.574170165758509,0.0,2
-0.9067562481322479,4.017646554896168,-1.4925783466553288,0.11193746129278326,2.007868140349109,2
-1.1902003422617629,3.980223309462243,-2.438490515394659,-3.182248676598965,0.0,2
-3.029003897150579,4.074318515016407,-1.7142790499995193,-3.74185414949061,2.146654088308694,2
0.16413060354511488,5.203100589302272,-1.5031572174052004,-2.740408436896052,2.087760316265496,2
-2.7247831837561898,3.7542118478832385,0.8812961736871032,-2.3102220299374894,0.0,2
-0.931434794649913,5.898369690891887,0.12218823673361001,-2.7912237717781005,0.0,2
-1.4685616100622694,4.173252011112468,-2.2137981040022114,-3.172780575323661,0.0,2
-0.7484234660681339,2.733039301921206,-2.5264496620006156,-1.1162560696166426,0.5287176146538333,2
-2.017910952934078,3.5101879750819425,-0.586337471317306,-0.8028631093412807,1.2235426802076135,2
-0.7565640787679602,4.0250278610707415,-1.0108526535906392,-1.5025857693625972,0.0,2
-1.4631544506342933,5.1144635166976435,-0.6147955937703403,-1.85510824526351,0.0,2
-0.5615140604854469,2.6830672036374557,0.14283109615704537,-0.28457102836876547,0.0,2
-0.5221645294131849,4.433228457979799,-1.4420990166497858,-1.3392406342135903,0.26465971343006595,2
0.4136851516995226,4.507349310408635,-2.3735288560263843,-1.5812509858163666,0.0,2
-1.4908511288201827,2.5684406085418594,0.17841225544030492,-2.258133292231557,0.03561317595890949,2
-2.0290464235974044,3.1193179713500427,-0.22450677111175876,-0.6094358767786279,0.0,2
-1.4372898968357881,3.5668884422584317,-2.635005269197009,-2.4442170930055713,0.0,2
-1.4325961265781113,2.219286157297894,-1.9503893173584435,-2.7166178719777263,0.0,2
-1.0192373265091987,3.3848704201937103,-2.292727871892824,-2.616087298794194,0.0,2
-4.336389813564429,2.993684464423985,-1.4144698589190152,-1.7789059821371551,0.0,2
-0.40854186444095997,3.0507829219134868,-1.0297379261795339,-2.186289756399201,0.0,2
-0.7175305565855588,4.986261627878905,-3.3863735981061387,-0.4198665776836452,1.2992496954877453,2
-0.9841680644213407,4.098870218225627,-1.0242586881961449,-1.5475410994907268,0.0,2
-1.8629197152978838,6.123284517362358,-1.7699807167220318,-3.2695045131708644,0.0,2
-1.0800825963850778,3.4318830895901535,-2.7455531430224545,-2.6485169891229035,0.0,2
-1.7635909103774927,3.563574986882275,-1.9809633382778213,-1.6191604243675823,0.14360484033847593,2
-1.4158837557332595,3.6619738145870677,0.037603674536941245,-1.6366078687321186,0.0,2
-0.5967809688119754,4.584109612500251,-1.0645762222174604,-1.9361656837220853,0.0,2
-1.8410436342059244,5.011141484670331,-0.9270068832757932,-1.2130854793290817,0.0,2
-1.0359374532852907,3.796148728624472,-1.9116014834494166,-1.962127894715294,0.0,2
-1.2403432197415805,4.067585867079783,-1.406584025743794,-0.5680846692832289,0.0,2
-3.375339064255071,3.7394033317970177,-1.1448002446604424,0.403699629302811,0.0,2
-1.8790409117133915,4.190462678589177,-1.7853343094264065,0.048266160345982856,0.0,2
0.15577310477762785,4.544305775285324,-0.7679961109389103,-2.076888610514652,0.5177741466348378,2
-2.214609934714206,2.2024094509061483,-1.3771642582523667,-1.5591140594547395,0.0,2
-1.642518016289215,3.9714451213393156,-2.2795740019095367,-0.3724514798703711,0.0,2
-1.0943341980083603,3.7771633821199,-1.1629836067323396,-0.5426584443381721,0.0,2
-1.9281951968472986,3.9931246740760344,-0.784561766826822,-1.1628132503608204,0.0,2
-1.3322188915674475,3.8552654562391577,-0.8352498600105981,-1.0374662289959615,1.1478142636814264,2
-0.855920536460142,2.811554169337291,-1.3553126039774084,-2.7718129572166244,0.0,2
-0.4522342380629285,4.6333582287606845,-0.4104454807605914,-1.6321413153475801,0.7144572430535002,2
-2.7119234394696443,3.664561449038085,0.5535399708760866,-1.776427546877834,0.0,2
-0.6602406501718139,3.736776478218074,-0.08915221634263393,-0.6666495190732966,0.5355347273333957,2
-1.8520840971634105,3.0867461407476062,-2.9540496665645923,-0.07528515385243617,0.0,2
-1.0111825168717403,3.822686482124044,-1.6846644948957263,-1.0824994646953638,0.0,2
-2.123559095584753,5.465823964560626,0.02068059428362745,-2.370644145111359,0.0,2
-1.0911517180866654,1.0248836148775178,0.19806349225867503,-1.8113932450494243,0.0,2
-2.5617193599025807,3.7092507942634176,-0.5426376401548418,-1.521787924683641,0.0,2
-0.6402297714158378,5.568845959056432,-1.202930783521805,-1.8033822190196,0.0,2
-2.6553892500391085,3.9315766694535816,0.9137099622030052,-1.7870210394334298,0.0,2
-2.0480215679197897,1.767199303232668,0.006905342267811587,-2.7710562077252154,0.0,2
-1.1335675838953874,4.205059882798894,-1.4305260511804037,-2.342192146457176,0.0,2
-1.1461903993027116,4.0863083325413125,-4.40317505373965,-1.758490514584754,0.0,2
-1.7000963286676758,3.385870839937522,-1.9125665423764109,-0.2621966851019595,0.0,2
-1.4762535228448117,3.435742815212256,-1.853727661577389,-3.4039109143441904,0.0,2
-2.8949989416355266,4.292611568314077,-3.316023049738159,-1.5999385352295086,0.07776105547809045,2
-2.0450890148830205,5.026410013176767,-1.7641862616291766,-2.2277100336452462,0.0,2
-3.1173493263575525,2.1217548978192555,-0.42379866125762056,-2.8524620868813426,1.1418581860615014,2
-2.3765210584344043,3.590652990986791,-0.7445637231782858,-1.613425713269831,0.0,2
-0.13224661482572153,5.319315475962522,-1.8857547688857759,-2.069269838106214,0.0,2
0.6792021600216696,3.517930620299992,0.21214505610476286,-1.223671193418928,0.47193232988681494,2
-0.10690656565079037,2.5030098714214866,-2.4458650773626482,-1.06852616322591,0.0,2
-4.254452697320032,4.224856674363843,-1.100070725442555,-2.4411368080562568,0.0,2
-0.0050346093755464505,3.5373988943217864,-0.7980878681464098,-0.4890169464511571,0.0,2
-1.7028118448087843,3.1047594914210137,-2.2108171500903415,-2.2625596559365326,0.0,2
0.15865053542135255,3.1646922683002643,-2.5901083467380257,-2.316355355510952,0.0,2
-3.4252181620105833,3.0341284522283836,0.8265487614002018,-0.37013174722184905,0.0,2
-2.1722989369715218,4.1447614266726545,-1.90218977920721,-1.3833352561796095,0.0,2
-1.696424891240545,5.061933724738013,0.2975724935766446,-1.7207369049040393,0.0,2
-1.0552570508672265,3.441345388973466,-2.2223015459369124,-1.1962703487622548,0.0,2
-0.5729827781189847,4.817026141567348,-0.28525570245548315,-1.2705092221167302,0.0,2
-2.2561406101873653,1.266393252678205,-1.3792563314157265,-2.7347366025668824,0.0,2
-0.9527549795629194,3.992375275562405,-2.4647520789751924,-2.113138103972544,0.39464302357655695,2
-0.9557725446366948,3.2230170678035974,1.2545648825280393,-0.4972765512665487,0.808246295037736,2
-1.2838635524885795,4.045488512796496,-1.0968124695356192,-2.10087215710558,1.1415469125721198,2
-1.043783186993934,4.5152863492026665,-1.5244276645348238,-1.9508349986329692,0.0,2
-2.2969967966283336,5.193366404082414,-2.632292836877123,-0.6273949050256142,0.0,2
-0.9477773924950667,4.304518138961397,-1.581728087643435,-1.498788755791272,0.14465187082785205,2
-2.194789717000647,5.344077687494814,0.7016195489460628,-2.1443648419059387,0.49066212188821284,2
-2.0277889241496205,3.2690863089293294,-1.7217458487267003,-4.130964423689604,0.0,2
-4.359938884031572,2.5458814256215367,-1.1010149177975346,-3.0701212182103843,0.0,2
-2.7972911883452136,2.3559671319269313,-0.8750986087015754,-2.5261801616529507,0.0,2
-1.0601293071425066,3.4036733726852524,-2.262423630977073,-1.085203782469704,0.4042694355517247,2
-1.3021808983359868,3.801481361199613,-2.900498396225287,-2.347674781994197,0.0,2
-2.81323180702178,5.780990626919857,-0.676789768515908,-1.8505373480215,1.4637803067521205,2
-2.22942692994921,3.2038842626850066,-2.7104239450484684,-1.7301507358422739,1.578777479383264,2
-1.364432570271934,4.1468002687169685,-0.2740567126528921,-1.2374061460421895,0.0,2
-2.689052755272674,2.509190053508079,-0.3907856014599148,-2.438372665748852,0.0,2
-0.4291491489247907,4.153583679861691,0.23728693673810786,-0.5611591473020663,1.1482993117252114,2
-3.8458373604234435,2.081720264746643,-1.119965966354286,-3.2709330371366185,0.0,2
-1.778145040975286,4.403833014966611,-0.6578778498566853,-1.5293467565067007,2.4374493687030285,2
-2.466412353466811,4.950258229229555,-1.9244970179257832,-0.3372086451232845,0.4248447020966761,2
-0.39364240660974836,7.743109434518031,-1.8174888731888794,-1.179726745133933,0.0,2
-3.1628035604745657,2.4885118480308366,-1.2967187939320086,-2.72221457611936,0.0,2
-0.7794734527223117,4.601799295002552,-1.9526700369034264,-0.8181083987437503,0.5675354512232113,2
-2.126647775522565,4.095218086630637,-1.5331872694417161,-2.180078464714881,0.0,2
-1.4559188968361632,5.955965087403156,-1.565810740725052,-3.214837095684615,0.0,2
-2.2117022219623723,3.9553058671345944,-1.9149984036561776,-2.775227501290293,0.0,2
-2.103833260270956,3.1660570935505987,-2.2206409777607825,-2.201651423871082,0.0,2
-2.0167866930239318,4.683542586934441,-2.2522257374370622,-2.5286912053739172,0.9075765137258115,2
-2.283813809825774,0.9599685100746078,-1.3060109458317108,-2.440409652546084,0.14304072837942147,2
-1.0648393891275867,4.221726106044803,-1.9319130362570613,-1.5664065636567357,0.0,2
-1.8910404469946689,2.662273185881359,-3.2538116803396813,-2.5649256157641593,0.750936652867268,2
-1.1433524347940414,3.9606612224792306,-1.5007546702446788,-0.595781537292585,0.08919785532924863,2
-1.0578445597338173,3.3402678838007858,-1.401537662296277,-0.8033491398056767,0.0,2
-3.046445982189452,4.223962681487801,-2.287721370602448,-3.0407680615504837,0.0,2
-1.4869343507513084,3.931040747929791,-0.5584243183710393,-2.9002186754613355,0.0,2
-2.4920300473176464,2.706360233227753,-1.9583917273907798,-1.319317018426398,0.0,2
0.6573260894350696,4.495809079428946,-2.4182298067030708,-2.320634923286259,0.0756064399027657,2
-2.4356560994054637,2.972377005507237,-0.8307027164630061,-1.385902779373616,0.3753301673120906,2
-2.3605435103291246,3.8202883095432454,-3.0595447620927256,-0.8179680694496092,0.0,2
-1.4447293445984704,3.89457136341647,-2.8583567896584876,-1.9736762585145158,2.0463139681244784,2
0.3555782103571332,5.493325205963252,-0.44068174362535406,-2.5007942675485317,0.0,2
-1.7022113516439765,4.426662668133366,-1.7763936873175703,-1.9700803988510875,1.3290996879715424,2
-0.1533250905206125,2.2861593868762538,-2.0092832549501862,-1.7476076250798398,0.0,2
-2.2293145550864453,3.7503027563909956,-1.21050831197466,-0.8240134823131277,0.0,2
-2.546230062950432,4.298355347508396,-0.2120455341329115,-1.4230980858789875,1.6829998082136646,2
-1.2883132300169824,4.4975770205031615,-0.36892732156229724,-0.008475025550842785,0.0,2
-2.519807434590486,3.5921510370781924,-2.359417134116962,-2.758385961575378,0.0,2
-2.352435992898602,1.1526127040810237,-2.3522593720428717,-2.9647607837558976,0.0,2
-2.383010344489975,2.7718841469387527,-2.776935711721603,-1.322526581360336,0.0,2
-0.592043750052611,2.8441388082167247,-1.5936658779146262,-0.5621993912553187,0.0,2
-2.8044943689774735,3.0521377749414347,-1.312493401378698,-0.9964063720561956,1.1255579664010231,2
-1.8493949752726582,4.335721232848139,-2.1278048554140683,-1.0579739312359224,0.0,2
-1.7517754184722376,5.520421924269912,-2.171180378727232,-0.8288698728296603,0.0,2
-2.7135758841873425,3.8689633695241827,-1.5656851635567077,-0.44438773559067846,0.0,2
-0.591492100900358,3.9169807472791462,-1.4507444009656185,-2.182289541028394,0.18828523497092045,2
-1.580736406449763,5.471525758145097,-2.294409820226892,-0.8160893235222438,0.8390646091723747,2
-1.6299182888614092,3.9263760386673328,-1.2630002784821583,-1.3601319145225652,0.0,2
-1.1332811907143174,5.40437660754978,-2.2585287598572763,-0.22618814115257724,1.4782524026565365,2
-3.244042348848335,3.3492067948110993,-1.8307493918753446,-0.18649519682640903,0.1026466278736357,2
-0.8999019556181197,4.49795650549289,-1.9164862530253395,-1.850011768982116,0.0,2
-0.6862988252040628,4.735367231183662,-2.5831318633063747,-1.124865398655308,0.0,2
-0.8617645978702237,5.200900965134387,-2.5310396428866935,-0.7594019506384226,0.0,2
-0.08850518668617524,3.6170759759722553,0.261559284304955,-3.0968773488714647,0.0,2
-2.9758218352418657,4.52132185618306,-2.368572717295659,-1.1627902732194013,0.0,2
-3.9205787106065575,4.028819118481963,-1.789968590095889,-2.0842994770159375,0.9999293855281843,2
-1.696896192308642,4.194743888543156,-0.26715170763194784,-1.1671219410716136,0.0,2
-1.8610559552657864,5.460822251232059,-1.2064891584393285,-1.6693884010966509,0.0,2
-0.3441445932318732,2.9010257821623813,-1.6669594005497228,-1.8564733961296065,0.0,2
-1.879809209023881,3.9043628456201604,-0.8570844162233319,-2.018289808739932,0.0,2
-1.7830681472628114,5.798248463516377,-2.6341004344583983,-0.37612861394774155,0.0,2
0.40597426933975655,3.4796252502928025,-1.274051891626089,-1.025536315076311,0.23078693512244136,2
-1.7458465622236528,2.5588994101042237,-1.4892983333383067,-0.42407055226945944,0.08149684129888116,2
-0.7613076204340049,4.407104277833759,-1.39914205057064,-1.1942085471373731,0.0,2
-1.992353822191309,3.6573658020892483,-1.764901102707637,-3.345963728749525,0.01586806488031978,2
-1.1020710796129412,3.49506552729991,-2.898606567234186,-1.322827968618427,0.0,2
-0.7167032335762749,3.1992801243056164,-1.9200533458784002,0.6138667912653333,0.0,2
0.09164153507064676,4.581606391123372,-2.1944173453823614,-0.7850276333108808,0.0,2
-0.7640850319229667,4.043354680708551,-3.094675845750992,-1.0418031153422187,0.6952875206618502,2
-2.5148100018889643,4.084889836522647,0.41824755105017397,-1.5315439770695223,1.4830750837018765,2
-0.7610669880057863,3.641738274726184,-0.9069065471899158,-0.6346895059609545,2.1048751117393762,2
-3.5169415922101965,2.5955826567787756,-0.8011490894179638,-2.579230651169755,0.0,2
-1.775575935782484,4.778900642487354,-2.9179906735487458,-2.236099859615327,0.0,2
-1.6099427663754597,3.1366142010214437,-2.206605640904314,-0.2846567692444901,0.0,2
-0.4856286463928863,4.237620186426812,-2.407848324221972,-2.2424208246482165,0.5349517846704145,2
-1.211180032719326,4.375921933455976,-1.6528483667326805,-1.6630714228353158,0.0,2
-2.1907340309775005,3.330106861490583,0.08697177470719364,0.698719399794925,0.0,2
-0.4523503123181358,2.8835431377027603,0.4632803697289989,-2.0772142688520066,0.0,2
-1.2203012153560069,5.209621089304588,-2.2354347649739634,-2.698594323586793,0.0,2
-3.273162638681229,2.980896937936942,-1.608265875775381,-1.2093793438433358,0.0,2
-2.0397185376580578,4.181141765686912,-3.7285328592068656,0.15933541091168624,2.4421414448741965,2
-3.0864784031519377,3.2251640861231907,-1.4582439171436443,-3.2271930250397753,0.0,2
-2.7106890170229088,4.381725405761388,-2.4195211972254587,-0.2093504020618122,0.0,2
-2.643331920228307,3.637744255789767,-1.737363877923724,-1.540630280929441,1.7645996271257574,2
-1.8183302207584395,3.8850371968388875,-2.0998717722464306,-1.8865808982895265,0.0,2
-1.5230470928846938,4.11097046279767,-2.284470872736918,-1.2862964245206931,0.0,2
-1.8491965740918366,3.7808266867429174,-0.7178196189770437,-1.4965385592487324,0.0,2
-3.3393589173742386,3.8842222743879047,-0.36544095614615446,-1.019014618548637,1.2820105832632616,2
-1.1335606733633745,2.037389591544879,-2.404145328082114,-2.6935935149189163,0.039282047989503834,2
-2.1870015445350575,0.8334596746337701,0.5340994539523052,-0.6292324747490234,0.0,2
-2.164564935420287,5.734086438218186,-1.4265843792609303,-1.2979471469860189,0.0,2
-2.2623168854544145,3.044168522661197,-1.5671195779984823,-0.07264610151542494,0.0,2
-0.7528273196972218,3.115766501360852,-3.1504746045754835,-1.66564375600938,0.0,2
-1.6645567483137464,3.2096177091780964,-2.6502668758273673,-1.6437292523221798,0.0,2
-0.6532111640815081,3.944499985845386,-1.0862662406506294,0.38301913126870146,1.8804624659750806,2
-0.43866031979997633,5.048224391114451,-0.26783487208714996,-2.382915198460663,0.35320835977392995,2
-1.7498591193407642,5.536138808228114,-1.9474005945025885,-2.160123839489488,0.0,2
-0.743036049055798,4.127276775388236,-1.7181333438247546,-2.3193111486039135,0.27513619881052737,2
-1.4985256252256438,2.945501347579441,-0.8001950846211088,-2.4970886798583756,0.0,2
-0.86644663716023,4.84293094168943,-3.0750535418369807,-2.9902203229110476,0.0,2
-2.346377830290829,6.321659129916691,-2.9680697198105985,-2.2277641273581947,0.0,2
-2.026456160340461,3.441521744261277,-1.0347100299192649,-0.684049302395133,0.0,2
-1.987021246914956,3.747039667244809,-1.6143642574170858,-1.130946187562003,0.0,2
-2.0095466433511153,2.2645452423037797,-2.033629215756752,-1.9442689292909985,0.2038137541992972,2
-2.3342885317460436,3.855283652361429,-1.3887343829264738,-1.6384087715132882,0.4048605486722502,2
-0.5775008642854269,5.3729205965569555,0.6955427978022111,-0.5140570279955197,0.0,2
-0.31090767345309356,5.535059789736406,-0.2812814714360268,-2.3495400212021176,0.0,2
-3.364137304785434,2.9391279122972658,-1.5619922492624423,-2.457051285279566,0.0,2
-1.527652485916552,3.747539035466965,-2.184900989192025,-1.7216164206627347,0.9334090162259798,2
-2.8461027383659774,4.0473299964821186,-0.872480362514557,-2.8177332386850438,0.0,2
-0.9583561888652041,5.129407830469022,-1.655246372321967,-2.3352992814276643,0.0,2
-2.8615471718691996,5.385613494732615,-0.3473844190053845,-1.5368577305985789,0.0,2
-1.1698153068784842,5.313986875457591,1.1560218348718738,-1.5734988460946986,0.0,2
-1.9507170681044994,3.3434246086843964,0.12261530874731497,-1.8418462041568773,0.6323796783423019,2
-1.4514433007624907,2.437106500721741,-2.051668965934633,-3.1768542269788917,0.0,2
-3.197014021577054,4.015348623131569,-0.5823933400021877,-1.8323043576800933,0.14770798779216637,2
-2.3161040968374036,3.5602575812300423,-2.511968174573912,-2.3016770057000793,0.0,2
-3.451500957191733,5.058534671288017,-0.21107291766182512,-0.5915847979585078,0.0,2
-1.4062914310739112,4.464488430575226,-0.2740424558061414,-0.23223713939465163,0.1434604776397877,2
-0.6616999811425623,2.6459862598816986,1.191102302948173,-1.4624620051668153,0.0,2
-0.8120663715228503,2.3617824638585208,-0.9662565776095617,-1.9441813664098155,0.0,2
-2.673299066934293,4.5714667729149125,-0.5161676700593724,-0.42911858121076607,0.4403545052807786,2
-1.7563805783000825,4.617685441012772,-0.14013974448504452,-1.1533294743967228,0.36546383740637084,2
-1.15493821956341,3.666209871998809,-3.3779316455196193,0.34071266723030713,0.0,2
-1.2365766743868882,4.8316024992831235,0.06669836269343477,-1.326980124196091,0.0,2
-0.1594948604558344,3.7016956958961793,-0.8990540845067947,-1.330187704654741,1.6047146906072927,2
-1.3800702364384314,4.265989254212895,-2.559003929647476,-2.5272058353955886,1.1551572397002539,2
-1.18405928983005,2.9200633074221614,1.1322747263828905,-1.1283317461732638,0.0,2
-1.968387961570685,3.0073578833481127,-3.6905984430013916,-1.6945750775399635,0.0,2
-0.7846511908308879,5.286558065406727,-1.1460662952666367,-1.2303430318951079,0.0,2
-1.1976230026399195,4.926058423726822,-2.34646335671397,-4.417129866392684,0.0,2
-1.5123910621829464,3.3278668291426703,-1.472392796107516,-1.861188427799513,0.5682236646228825,2
-1.7304283075437012,3.532128965801556,-1.6525326729984942,-1.255174495479885,0.0,2
-2.453192501314038,3.750681401366329,-1.5287378837416103,-1.6084933155205308,0.0,2
-2.594105124104692,4.899747906619478,-0.26844725981277984,-2.2867485571088157,0.0,2
-1.6162971840547018,4.614637178261862,-1.5199932259491278,-1.8274057743864232,0.2645670170901461,2
-0.3074797403846554,3.3638928125179426,-1.2366539234782215,-1.2636367170289378,1.0324646532663055,2
-2.747439484307483,4.072571088416467,-1.1021935188116965,-2.9292487528747797,0.0,2
-2.001851791573881,3.2513857451049097,0.4241081067114316,-0.9268269251000819,2.0506626712054543,2
-1.3576413010999362,2.848297301052238,-2.8419726650442243,-2.0852448540345465,0.0,2
-1.0376639179702698,5.715099089766014,-1.3072114657684173,-1.3675697712910333,0.0,2
-0.8674432247931676,4.949610739664232,-2.555594705663079,-0.8529219177985563,0.6042612342897581,2
-1.6756765804383273,3.325853532213741,0.10818749752819179,-1.7461369896241268,0.0,2
-2.0673135347727407,5.770803751930766,-0.23918241349117664,-1.7146433590604282,0.0,2
-1.3761871976059818,4.064352642702109,-2.144525774893896,-1.0465439332418627,0.0,2
-2.414750650106267,4.121881572516373,-1.057538382027271,0.23749242515449676,0.0,2
-0.5656319873992597,4.669239568985091,0.01465017157603632,-0.6535564027021961,0.0,2
-0.9938359925757365,2.5501716890776187,-1.1322295631463237,-1.607578310469618,0.0,2
-1.1705275737300542,4.647861258438664,-1.8150288505299548,-2.200918712231802,0.0,2
-1.787980122002568,4.256944800731685,-1.1413176417725013,-2.05690445962677,0.11617131414519974,2
-0.7340371214805042,3.5682157549682096,-1.4114872258156195,-0.07534251881311471,0.0,2
-0.9977528189143471,3.945693625051313,-1.1096463105302337,-0.5712487083153861,0.0,2
-1.6794261426848163,1.5238425169486525,-2.859587670121485,-1.1086295591785804,0.0,2
-1.1041044174103223,3.4085631745966327,-1.7828022590402024,-0.7439834664048536,0.0,2
-0.7265128712424286,4.720773337297532,-2.621417017711918,-2.010605643541717,0.07763029833773327,2
-2.1464157572258946,3.4142617246678686,-1.2450699699887737,-2.5080934612614283,0.0,2
-2.9601516758243633,4.684324710428252,-0.04223739105034752,-1.7084046419771861,0.0,2
-1.0995096219613947,3.2607103343075288,-0.902736363516659,-1.8664778452756106,0.0,2
-1.4440301857607116,3.9794053146168404,-1.8227750759564563,-2.6197541795352586,0.0,2
-2.4415069967263907,3.5093790096183115,-1.0812831958235127,-1.2124528443554272,0.0,2
-1.0136254714597777,3.6037931034171633,-0.7373856496928086,0.37106954339792453,0.0,2
-2.198268322860704,3.0411579179154398,-0.9805516891336497,-1.8412602276710062,0.0,2
-0.31798341288141785,3.4349592323679414,-1.4919250673135136,-1.2907824797388914,0.3776697866748273,2
-2.535318182449852,5.391923983945841,-2.0708950261268564,-2.574985089208754,0.0,2
-1.9178595539715597,3.731234361709277,-1.8311261090732462,-1.8625393248990307,0.0,2
-1.0289103189131437,2.9938662485210563,-2.7979786332065952,-0.8737918690563069,0.0,2
-2.048061232613736,2.2703757067695243,-2.163211921784917,-3.892941276516087,1.0351860105154516,2
-1.2018949395231058,4.720919694794661,-2.3613537510428553,-1.682241237990168,0.0,2
-2.323146996865549,1.2563914278027384,-1.325386847031443,-0.7841779341814505,0.0,2
-1.6836753057342733,3.270206377929412,-1.0464130867518133,-1.7437590603584996,0.9973448664008459,2
-2.5324774438413304,2.7812079108209478,-0.710020138343709,-1.4656968640252546,1.9100775971377317,2
-2.874834141146601,4.615659148742262,-0.9470728407988251,-1.2825119293259675,0.5681339408634773,2
-1.393385511256091,4.6378398986460265,-1.0387659608857511,-1.2150607038505634,0.0,2
-2.368488129908726,1.986300876103631,-0.08460889752630552,-0.30077193593004203,0.0,2
-1.1271572692138263,3.487288719209271,-1.0343653692193273,-1.8941775413634572,0.0,2
-3.2484140480276054,2.622130290198072,-2.2018136165022733,-3.6026834170532998,0.0,2
-0.8464809934399424,4.587496582610958,0.5828005520413577,-0.626691535604798,0.0,2
-2.134705590147961,3.1132645231603537,-0.9411559365680822,-2.3981389091867182,0.0,2
-0.9708624261268475,2.2776935861623047,-0.9244494888425456,-1.2582476539276948,0.0,2
0.657627555298917,3.912630594002852,0.28405053559762194,-1.9492034884281157,0.04699025310246262,2
-2.0073171323468033,4.758106555317643,-1.5393355097469903,-1.736536647658662,0.0,2
-2.001635596763931,3.276464103242514,-0.18578651430635884,-1.5113544012087103,0.0,2
-3.1600569052362477,3.746926066679375,-0.7540203128038672,-1.328922042050257,0.0,2
-1.8847579409738073,3.667398521746078,-0.00010290372809951265,-2.1313544535770066,0.0,2
-2.577797275930059,3.930422439817211,-1.4649513195703894,-3.3581351262154295,2.25710080520762,2
-2.6258200038175064,4.748849705813059,-0.3446485657844658,-1.8415191823362094,0.0,2
-1.2569196350002492,4.15637504612911,-2.414422197181964,-0.053427164483388356,0.20896124303922423,2
-2.3117304643404597,4.745568419458188,-0.43136889177539783,-4.588180409429622,0.0,2
-2.8431138779518257,3.650440959474679,-1.6635822458821699,-2.765667291664516,0.0,2
-1.7990960350223735,2.5752082102843996,-2.6014899881559614,-0.8703200590912856,0.13032722250810483,2
-3.3285719607196382,3.2905428438720565,-1.0214867647736452,-0.77399878948972,0.0,2
-0.47565241809356973,3.092672584442725,-1.1291248356862988,-1.0683190968676446,0.44003324124330895,2
-0.12359250883299766,3.981429310805448,-2.7603795355615546,-2.680824456296011,0.0,2
-2.827283694273833,2.6093411857774442,-2.0775620075287327,-0.9915127176845473,0.0,2
-0.4598782710293916,3.6249094779428503,-1.7334469705204893,-1.1784138209039536,0.0,2
-1.6938352203111555,3.2251354681175504,-0.3060091790602997,-1.1728691589540414,0.0,2
-1.256502827160703,2.8322553007450884,-0.8665556072283294,-0.8016029607076215,0.8094742216260844,2
-1.5363477783892592,4.3146988234027095,-1.093221822522278,-2.453286367187626,0.0,2
-0.9652167063641423,3.337862123373519,-0.9210147323624172,-2.0581089709284837,0.0,2
-1.5782481840084805,4.542173935018598,-0.6698764601071605,-2.848208656920825,0.0,2
-2.0769129290032557,3.8629522848926228,-2.1483121413247726,-1.839622605606929,0.0,2
-1.5438566780265244,3.779151217929876,-0.6119530291967741,0.0907734685459256,1.1065418378902783,2
-0.893236781755914,3.688675093719447,-2.0143191906659177,-0.8444390842405151,0.0,2
-2.7710027715283894,3.8720854089267647,-1.670007541387926,-1.7172437189753897,0.0,2
-2.4277839135399906,3.2484604688020653,-0.6947840715513115,-3.0913950226999787,0.5591639114532987,2
-3.4490562669287375,2.567153990383129,-1.7905018794816936,-2.330086059219557,0.0,2
-2.7972242540527654,3.2437679716178787,-3.308274316022235,-2.2671017963502043,0.0,2
-1.4107945975377714,3.7875238501108686,-1.9821392381834393,-3.0934155190027637,1.3842348682190186,2
-0.8125324742844151,5.519576404383674,1.4897846278498008,-0.5150038509403083,1.376869742846846,2
-2.679507149141399,3.7937108996614715,-2.9521100578013497,-1.810550161150263,0.0,2
-1.1990758907190247,4.592712619036504,-1.5735803674859141,-1.825466064139172,0.0,2
-3.3584520243030935,3.7662034719902917,-1.797163624546936,-3.052496229854182,0.0,-1
-2.066713475185126,2.749009116015794,-2.746185027893765,-3.4413723134811107,0.0,-1
-0.9857520936162156,4.971509910765244,-0.7487979906346414,-0.9621931224509344,1.2500970421132551,-1
1.1787771959241526,5.808848027833399,-0.6947382019525374,-1.2324588609308869,1.4870915848400377,-1
-1.2539543883483102,5.270301688235023,-2.1044705425465744,-0.7306970352059425,0.0,-1
0.3294519939859405,2.9154531506310697,0.6292858276910138,-1.8339620546676683,0.0,-1
-1.4490345586136697,2.862757429769151,-1.3785921234854,-3.503714142207176,0.0,-1
-1.1480055626702104,4.927352545842411,-1.415552672004699,-2.9853327629131137,0.0,-1
-0.8755032807780085,3.313186547020616,-1.8057831999558933,-3.9402737186974734,0.0,-1
-1.9033686708636615,2.5916510629929554,-2.5836270512853434,-0.3696704823676198,0.0,-1
0.23111016173967192,6.9878666663025575,-3.3597360880833538,-3.5960057404693826,0.0,-1
-1.9124236190383188,4.51057553904994,0.41248350718974924,-1.2891303566711008,0.9578382722846921,-1
-1.63912504854194,5.629155596805054,-0.775103840047268,-3.198904396173283,0.0,-1
-0.5970933923440345,2.993473746586628,-3.1081157751801243,-1.1761807877154202,0.0,-1
-2.2642698424005414,5.470062916678363,-0.4791355284523116,-1.0078666443215918,0.0,-1
0.2278467975370554,4.907809839709052,-4.041049291996495,-3.399328351178193,0.009969518188334985,-1
-2.33784460900245,5.32663764914793,-2.477839023378495,-1.2966667972038473,0.0,-1
-0.27372591977846217,3.9660077259947664,-0.9315914939226103,-3.3902100030473434,1.533179109983647,-1
-2.3178023678799353,5.353105437368141,0.3106766612826619,-1.2775647507260217,0.7591876695043713,-1
-2.4480372653173457,4.509288276961638,-1.9942991407741273,-4.489198694616283,0.0,-1
-0.10825927143789438,3.5546572772675518,-1.6123214769494454,-3.238512380860443,0.0,-1
-0.06202514888327171,2.926508536015161,-2.2558467178642045,-1.9750773938124842,0.40316583477184664,-1
-0.7596424024476179,3.2019421147687583,-1.8695182238384416,-4.160664402385898,0.0,-1
0.36000408366420344,3.700260984354755,0.13892744768602405,-1.753373418028215,0.0,-1
0.7239217145802294,4.763320007902136,0.6474720558425331,-3.863677512199251,0.6985028535603753,-1
-1.5283301322615115,2.598332880600072,0.8556140546801252,-1.4109798702256624,0.0,-1
-0.05565994971967103,4.631450838674674,-1.5561545145523574,-3.2173502591773038,0.0,-1
-0.776307090443018,3.4406640157275445,0.08631015653769392,-3.465642460522891,0.0,-1
-0.04432326134313469,5.988757822314926,0.3966463897642267,-3.2476881522409684,0.0,-1
-1.699894391890532,5.3440670846324245,0.504206237305028,-1.2506546000153145,0.0,-1
0.9459394357895433,3.969110378580068,-0.9067604293465122,-4.096539411974112,0.5868571151810785,-1
-0.41160959482323894,5.780843824463793,-1.2248738957744547,-2.491472441493359,0.13741182169368382,-1
-0.6475196668372627,5.2253160125900235,-1.1665895554978811,-1.738914272454347,0.5509655224062673,-1
-0.5363569101945382,3.945243771985456,-0.7933088092603671,-2.5632543761016104,0.5597749789040828,-1
-1.6769181752978026,4.788193245150143,-0.4383605775731865,-2.7739997703228116,0.0,-1
-2.3403425392706234,7.9297104153481826,-1.9101854033189611,-2.2381921676672074,0.0,-1
-0.07758531630172871,5.844349993211487,2.65474939653045,-1.4458905535040407,0.0,-1
-1.3335535149795286,4.978177124681645,-2.028181976943805,-0.5383833008122316,0.0,-1
-1.6418064445652178,2.920233740879824,-0.8686474482363525,-3.0146774444017126,0.0,-1
-1.5955045421650156,7.137269396241058,-1.0192543946268864,-2.212004744941142,1.8133193921110753,-1
-0.9171603102009147,5.286276694576997,0.6662607059548207,-2.126877364605989,0.0,-1
0.1350684745693388,5.032779928191706,-0.1642399513223115,-3.455615611395312,2.4006664143686294,-1
-1.2120058866885093,3.8243883826048153,-2.6452069098968023,-4.223995910723266,0.0,-1
-1.5403787114476808,5.044463929728943,-0.826504847828235,-3.5695202708712968,0.0,-1
1.023543284152837,5.790070798776297,-1.2941386977202878,-3.3876080870455407,1.215827774706907,-1
-1.3685030061956591,2.2639714027094158,-0.27851571279050524,-0.4119950447105982,0.0,-1
0.8784751593708192,6.5921683481919775,-1.129989033907811,-1.89276329611245,0.3168726780832072,-1
-2.1806186821979576,6.705505040433247,-1.5041188800724867,-2.3571800046767994,0.0,-1
-0.11972986077564407,3.9431427288888434,1.2021622332614814,-2.3607983704282005,0.0,-1
-4.532182157347445,2.242103059107956,-2.2727111550936843,-4.3121069406692625,0.0,-1
0.1137330562326273,2.8497024576145433,-2.0349738073622903,-0.23524001078990642,0.0,-1
-0.2275993232618445,2.8475022909466516,-1.5102685184940026,-0.8718789303546117,0.0,-1
1.6333485847305993,3.813988432175737,-1.7434659376552128,-4.249480040140904,2.649200427967297,-1
-0.6370798095555885,3.1170340208628238,-1.1018430579216076,-2.6259389834762983,1.7594076731989916,-1
0.049870129911183,4.215066959368669,-0.1789249776391828,-3.1584047756924893,0.0,-1
-0.17018365616257103,6.943770118624617,-0.2432217474725339,-1.9263283974969185,0.6148952518703577,-1
-1.8540775744122056,4.657507754019927,-1.7839456761043908,-2.417657333893051,0.0,-1
0.21813731518173618,3.7726863595428446,-3.1620164049798145,-2.219522700974635,0.852284489299065,-1
0.19433799258940732,4.059999676385024,-1.9672502428138074,-1.4320384917320976,0.0,-1
-3.1759209371899435,4.344694918733486,0.09301715068147443,-1.1500847890603805,0.0,-1
2.7088881201108768,3.4943066427303173,1.1859948640888849,-2.6925934216708907,0.44489033782015613,-1
1.1997671644474823,5.608779891326448,0.42063551078699657,-2.966151363632384,0.0,-1
-0.9319238586809957,5.930286466963431,-0.240905550007793,-2.401230434010785,0.0,-1
-2.614336983087459,3.6714761536778786,-1.106538922481911,-1.2925041032262425,0.0,-1
-2.0214296779834804,4.656131193563764,-2.574226263822246,-0.4831672490797774,0.0,-1
0.3405227968495438,0.9512144944313019,-1.0933275392244288,-3.2201759068236147,0.0,-1
-0.94869207711773,4.315163211755489,0.796275672955983,-0.387168052200491,0.0,-1
-1.9333042070801976,8.191554088668266,-1.561016238446495,-1.34339562291531,0.0,-1
1.0060133779821263,6.764145623656727,-2.648183764718956,-4.705770721766186,0.0,-1
-0.7984738460996852,6.318555250504736,-1.5232689130282417,-0.9926039337221253,0.0,-1
-2.5410331687015986,6.187540017505347,-2.1053313578829487,-3.4375919589526065,0.0,-1
0.32554244457274384,3.787579772698167,-2.764626001607841,0.17370356758980998,0.4364498553820961,-1
0.3094080266423668,3.810831319663759,-0.9373543247396626,-2.9463723493133096,0.0,-1
-0.45558278480782544,2.5766658550752837,-0.9502688638242849,-2.8708954257927912,0.0,-1
-1.0742125300916172,3.320478804342452,0.7823050974870198,-1.038214129238471,0.5374307544791946,-1
0.15198552900301587,3.2365349354498396,-1.5769184906233034,-2.1245961306623236,0.0,-1
-1.6552100536631984,3.188004369026433,-0.02701350371447908,-3.1540256798186714,0.0,-1
-0.9588911737271363,3.238886640283441,1.3780074430836071,-2.9266773273319524,0.0,-1
-2.3567917701218786,5.704475856503045,-2.044994273702814,-0.40946891219754855,0.0,-1
-2.373278661510025,4.076716548685134,-0.44313672958119477,-3.0943097593694695,0.0,-1
-1.6836211851811012,4.625764344808774,-1.5495848386091633,-0.016888526681767324,0.5282693804217229,-1
-2.5905529100222067,3.845822079852301,-0.52322192461978,-2.4075451166632935,0.0,-1
0.28556616999695883,4.339992019779289,-0.963636516112516,-1.32477788404661,0.0,-1
-2.5717161546832887,5.112553500194739,0.39630318862793623,-3.1126540846965103,0.0,-1
-2.361699514848592,3.6520847334293243,-0.0021250129228597148,-1.1652247362000612,0.0,-1
-0.8596565779858389,3.3731865086188186,-0.6897328936051355,-2.7826192521366484,0.24841278422356092,-1
-0.8575708394631504,5.673058768235165,-0.18195413557487206,-3.5988070369989407,0.0,-1
0.20106182402039252,4.105249106510291,-0.22758610628570008,-2.2745112750713266,0.0,-1
-3.8612200260135947,3.114799109159165,-1.348592340605742,-1.078181686611997,0.5390579078636748,-1
-1.3908192668449055,4.838616495902707,-2.172585465762245,-4.195177014386062,0.0,-1
-0.3805792087275542,4.4387252802343475,-1.5474682224307887,-0.4124981446131917,0.0,-1
-0.4231341469979604,3.4239503363354746,-0.1839597866649164,-1.5601624958884077,0.0,-1
0.004980812473782015,5.3082695417715335,-0.9055026972366119,-1.7967616156543094,0.0,-1
0.6642781632024429,2.9211098835700002,0.8760660014993662,-2.5922052731532292,0.0,-1
-0.2371300595468293,4.435140482637157,-0.8337785551944399,-3.057857800319617,0.0,-1
1.0690966607897905,5.3340830363446985,3.3506797239168975,-1.0178941381696336,0.0,-1
-0.396030874591021,2.7243410718582712,-1.7296414282541386,-1.3694325816686206,0.0,-1
-0.3382069642036317,4.312098253279244,-0.5475049500209794,0.24304718436603157,0.0,-1
-0.9656912771203201,4.3842523091056576,-2.0002504007079764,-4.916565457735507,0.0,-1
0.8540497516538231,6.887819688450559,-1.9574141734902164,-3.47129619299545,0.0,-1
-1.2521022103777664,4.586448465229855,-1.0410506286556542,-2.0019505949958845,0.11699578772428851,-1
1.4401231050749104,4.709737844356233,-1.292736158551322,-0.2163199489311478,0.0,-1
1.0966130299255359,5.216870579895605,-1.9693291742994101,-0.9265007029159795,0.23691294175035152,-1
-0.7147396277551821,4.881535678283122,-0.6806045533964945,-1.2646163802976484,0.0,-1
-0.0687666164488312,4.595297691027367,-1.0435461353299964,-4.36313336981021,0.0,-1
0.07870260237406035,2.6030926398908507,-2.48052152408774,-3.8109164287843873,0.0,-1
-2.1762326679006354,4.609531492097314,-0.3767617038789774,-2.378428536633028,0.0,-1
-1.120961744363435,5.246416064704472,0.10632562728956607,-1.0413570677819404,0.375564860302638,-1
-1.6762770209835698,4.737181203509042,-2.2112587254553957,-2.4354588302126468,0.0,-1
-1.6958776982750976,4.777811258783658,-0.5808899539276118,-2.6371916584176947,0.0,-1
-0.04448754337414629,4.387045530230542,-0.5433526399367783,-2.48609699701534,2.0463766138396635,-1
-1.9334951273328898,5.469301633774088,-1.1216850163625782,-3.4398166120167364,0.0,-1
-0.21979161154331595,4.9657471505212225,-1.613403383483139,-1.7522574878715274,0.6507775477794637,-1
-2.4445663800549022,3.53375100345441,-1.6614721220841084,-2.6054690805018237,0.0,-1
0.4320340296955175,2.8505011824462265,-0.030160670608398,-4.112069074356594,1.5339994392105367,-1
0.27055856307376114,3.636833390288101,-0.9779154207852019,-3.670087163632237,1.2659010884400976,-1
-0.6768916891659083,4.156522376257572,-0.5960454639568461,-2.134370892147887,0.0,-1
-3.1972944105352945,2.6112476871317334,-0.9359815645058116,-1.017601430920311,0.0,-1
-2.976836325877845,3.582454266720105,1.1922630570458514,-1.8667976667193662,0.0,-1
0.11130117831813413,4.428912054663452,-1.9977176054303207,-3.922733622231064,0.0006855836857321797,-1
0.4719411496353708,2.53787048667086,-0.568165866069548,-4.31618075497825,3.6119373857341803,-1
-2.370111454977924,6.870728428651807,-0.8800625935280997,-3.1124272528910923,0.0,-1
-0.5218723936190098,4.974290875585188,-0.7607129799024819,-1.8066058024712743,0.0,-1
-2.280443337242532,3.4090770867652016,-1.6157268759893282,-2.512706084123829,0.0,-1
-1.33096009627437,4.070299210502809,-0.5006276397659124,-2.362675399849727,0.0,-1
0.2576927040367262,4.627318751121627,-0.7716412357470648,-2.4478381467708266,0.0,-1
-1.2249516524997706,5.729423687403484,-0.5714280072205667,-2.1380844886130674,1.0216966338679934,-1
-1.0309768507307993,5.536903782488208,-0.6447790660300021,-2.6933813820337607,0.0,-1
0.2665474260770849,7.265187125859381,1.0688189191318478,-1.7445988192804656,0.0,-1
-1.4533814002366419,4.616272099006919,-1.2527901999487268,-2.2700666798575475,0.0,-1
-1.061376735808195,7.923533478249491,-1.7860506290974731,-2.0658509969984675,0.2356503885148594,-1
0.7363352695057311,3.9726953394899396,-1.0668653933426921,-3.0857774582145447,0.0,-1
0.36122869458314566,3.118825432343142,-2.7815498312370543,-3.259772239041478,0.0,-1
-1.653791951646892,5.504140127937368,0.7292708525786353,-1.9647880975323477,0.0,-1
0.25118391477862245,4.974492666123867,-0.7552077382717375,-1.7917796200199863,0.0,-1
2.102292986057359,3.5786055080266115,-0.45598916653921745,-2.3937468713685663,1.0674330699848265,-1
-1.1990745972348615,4.549648975352176,0.04610431382907665,-2.6844258605096836,0.0,-1
-2.3750746252741535,3.6394977186920836,-1.5962490860489227,-2.229767197902743,0.0,-1
-2.224291187131373,3.7911875885538056,-3.974670339041168,-2.6087690413523137,3.6283020003265762,-1
-1.2898037373511209,3.4711244876669785,-2.0609104192962624,-4.29418384722095,0.0,-1
0.5106022210633564,5.670238982981191,-1.6823066128134543,-1.9876161821309122,0.0,-1
-3.1190377039998243,4.67536789991456,0.12006638856029139,-3.1891116286589116,0.0,-1
-1.4714346097597808,3.3051447114893717,-2.270645115610927,-2.4576156743507322,1.2442654627542142,-1
-1.7607128381792352,6.3211967092590875,-0.2615137594957342,-3.823744513298376,0.31123379185777034,-1
-0.5933756643821249,4.370783490751737,-1.3619772750495764,-4.129190696319475,0.430964762579856,-1
0.6998945714719255,4.079153650722491,1.7582493890210642,-2.8269801317111716,0.0,-1
-0.08766233353021924,6.855094979962875,-1.8021697338615819,-2.27923491353094,0.0,-1
-1.8979125916993094,6.1108083792631875,-1.0811119013103567,-2.9304466429705087,0.07854842238473607,-1
-1.4762674025912659,4.6768462253527545,0.507380539878139,-0.7086871494891718,2.0490812335894475,-1
-1.462487364087865,6.288492190017741,-1.4939319512269629,-2.310726221718471,0.0,-1
-0.025685652339309528,3.6953418078413054,1.392725412501836,-1.3744006542430178,0.1283629317234087,-1
-0.17646458356866424,5.094342269921114,1.223861178494977,-3.2540308528882376,0.0,-1
-1.2400731366765507,3.7971170863127695,-2.6807330834028766,-3.110723662759341,0.0,-1
