0,1,clusters,kmeans,mu_1.5_0,mu_1.5_1,cluster_hard_1.5,mu_1.8_0,mu_1.8_1,cluster_hard_1.8,mu_2.1_0,mu_2.1_1,cluster_hard_2.1,mu_2.4_0,mu_2.4_1,cluster_hard_2.4,mu_2.7_0,mu_2.7_1,cluster_hard_2.7,mu_3.0_0,mu_3.0_1,cluster_hard_3.0
3.250883633709424,5.201060450967486,0,1,0.00798597713000968,0.9920140228699904,1,0.9594605340980473,0.04053946590195275,0,0.9202318865393994,0.07976811346060057,0,0.11420253139201675,0.8857974686079833,1,0.8566232542512802,0.14337674574871975,0,0.16897514309784878,0.8310248569021513,1
0.7383077412140002,6.569349687142566,0,1,0.0076134831736129095,0.992386516826387,1,0.9604576960456217,0.03954230395437822,0,0.9210441510185186,0.07895584898148149,0,0.11444564113139367,0.8855543588686062,1,0.8548263971762718,0.14517360282372813,0,0.17242731070828984,0.8275726892917102,1
2.8100393624885847,5.001726043120254,0,1,0.0061019110923734125,0.9938980889076267,1,0.9661515661480022,0.03384843385199782,0,0.9308630348595853,0.06913696514041466,0,0.10089361035557183,0.8991063896444281,1,0.8717945932937682,0.1282054067062317,0,0.15252874040824568,0.8474712595917543,1
1.8101171132545253,5.479217943026491,0,1,0.005056604836544369,0.9949433951634555,1,0.9702519348772605,0.029748065122739576,0,0.9377408283088694,0.06225917169113048,0,0.09199155474029068,0.9080084452597093,1,0.8821755608526619,0.11782443914733802,0,0.1410856014114783,0.8589143985885217,1
2.586431425829305,5.273811238994983,0,1,0.006193307488438041,0.993806692511562,1,0.9658681646180997,0.0341318353819004,0,0.930507936344496,0.06949206365550402,0,0.1012092809585396,0.8987907190414604,1,0.8715779367791034,0.12842206322089667,0,0.15262426924806463,0.8473757307519355,1
2.358225386756138,4.702806448163734,0,1,0.004275336950960572,0.9957246630490394,1,0.973412766841503,0.026587233158496967,0,0.9430785882277422,0.056921411772257915,0,0.0850125309659324,0.9149874690340676,1,0.8904486846062876,0.1095513153937125,0,0.13177524824017778,0.8682247517598222,1
1.815506183337032,7.354461433933382,0,1,0.012828700399704206,0.9871712996002958,1,0.9446583320099082,0.05534166799009186,0,0.8983545138645119,0.1016454861354881,0,0.14048575594683868,0.8595142440531613,1,0.8274835453113061,0.172516454688694,0,0.19988788598739038,0.8001121140126096,1
3.3599680113422794,6.844523958979174,0,1,0.014346192884238296,0.9856538071157617,1,0.9406662023652685,0.059333797634731456,0,0.8931728054038148,0.10682719459618528,0,0.14587745005282313,0.8541225499471767,1,0.8223572286059646,0.17764277139403548,0,0.20456111390083342,0.7954388860991666,1
2.397493161951574,5.325604221742997,0,1,0.005860822547751753,0.9941391774522483,1,0.9671286720479023,0.03287132795209757,0,0.9325877279333248,0.06741227206667522,0,0.09853565731272955,0.9014643426872705,1,0.8746911621400821,0.1253088378599178,0,0.14918794290638124,0.8508120570936187,1
2.0266461619629137,5.127808006535585,0,1,0.0045290787107623255,0.9954709212892375,1,0.9724064614383482,0.027593538561651833,0,0.9414488558926974,0.05855114410730248,0,0.08703481208694236,0.9129651879130577,1,0.888182612681039,0.11181738731896103,0,0.13419040595024465,0.8658095940497554,1
3.157303816480915,5.110958634070675,0,1,0.007436660677383449,0.9925633393226164,1,0.9613327492704205,0.03866725072957948,0,0.9231320049637897,0.07686799503621046,0,0.11064295197128925,0.8893570480287107,1,0.8606126169968871,0.1393873830031129,0,0.16471401015953333,0.8352859898404665,1
2.3833162844446965,4.820691891083558,0,1,0.004582570743474172,0.9954174292565259,1,0.9721369456537979,0.027863054346202128,0,0.9409018151119047,0.059098184888095234,0,0.08785369476569477,0.9121463052343052,1,0.8871102673345096,0.11288973266549038,0,0.13548782250011812,0.8645121774998817,1
2.321326184877406,4.38856169094397,0,1,0.003600689834031144,0.9963993101659689,1,0.9763194792170813,0.023680520782918622,0,0.9481026927833133,0.05189730721668661,0,0.07843436642461128,0.9215656335753887,1,0.898165189620254,0.10183481037974608,0,0.12322749986713613,0.8767725001328639,1
2.134015169530242,4.874801586827559,0,1,0.004155164270264299,0.9958448357297357,1,0.9739668950615689,0.02603310493843115,0,0.944127230618122,0.055872769381878004,0,0.08350330331073894,0.9164966966892611,1,0.8923881232698364,0.1076118767301635,0,0.1294434111318498,0.8705565888681502,1
2.6526633504091035,4.899214766369138,0,1,0.005427415607005843,0.9945725843929941,1,0.9687249492138483,0.03127505078615154,0,0.9350990363044247,0.06490096369557528,0,0.09546850076864541,0.9045314992313546,1,0.8780891532508442,0.12191084674915571,0,0.14560145707237712,0.8543985429276229,1
3.643705495999771,5.717811576525797,0,1,0.010958599804361866,0.9890414001956381,1,0.9501006451769454,0.04989935482305467,0,0.9063155126764024,0.09368448732359758,0,0.13082685582110576,0.8691731441788941,1,0.8383736012432774,0.16162639875672258,0,0.18814254398248023,0.8118574560175197,1
3.151732779909356,4.271432092436635,0,1,0.005621796038389849,0.9943782039616101,1,0.9677297127329401,0.0322702872670599,0,0.9329468080651612,0.06705319193483887,0,0.09895014085771672,0.9010498591422832,1,0.8732112408692976,0.12678875913070237,0,0.1518046640733411,0.8481953359266589,1
2.178695463558577,2.9914420973709137,0,1,0.0017986220726282007,0.9982013779273717,1,0.9849212104248547,0.015078789575145374,0,0.9629600686464997,0.03703993135350035,0,0.06028062251946461,0.9397193774805354,1,0.9168341509050097,0.0831658490949903,0,0.10614685769195506,0.8938531423080449,1
2.914962669875312,4.774301303909803,0,1,0.005877847732768332,0.9941221522672318,1,0.9669362562673266,0.033063743732673415,0,0.9320291280768448,0.0679708719231552,0,0.0995674815110918,0.9004325184889083,1,0.8731445878447461,0.1268554121552539,0,0.15122950152046774,0.8487704984795322,1
1.7293845262638308,5.8891741191288585,0,1,0.006198646356267217,0.9938013536437328,1,0.9658362948420933,0.034163705157906676,0,0.9303651064432773,0.06963489355672269,0,0.10160595611876552,0.8983940438812344,1,0.8708112534924586,0.1291887465075414,0,0.15381070615311868,0.8461892938468812,1
1.6375332805924905,5.928102706827416,0,1,0.006174685961319784,0.9938253140386802,1,0.9659096778805438,0.03409032211945613,0,0.930443487243311,0.06955651275668892,0,0.10157570251592991,0.8984242974840702,1,0.870758119716905,0.12924188028309494,0,0.15396137456416661,0.8460386254358334,1
1.5914305218936575,6.325899975180855,0,1,0.007582736024921195,0.9924172639750788,1,0.9608499592886439,0.03915004071135604,0,0.9223095745931021,0.07769042540689784,0,0.11188902683385521,0.8881109731661447,1,0.8588609651846311,0.141139034815369,0,0.16698333550321642,0.8330166644967836,1
1.748580007934864,5.136148852337615,0,1,0.00403659815753899,0.995963401842461,1,0.9744952937520995,0.0255047062479004,0,0.9450644979469758,0.05493550205302413,0,0.08227295133866994,0.91772704866133,1,0.8938084579097371,0.10619154209026305,0,0.1279141316229056,0.8720858683770943,1
3.225940433169717,4.6741697891758,0,1,0.006634540085494012,0.9933654599145061,1,0.9640613147626476,0.035938685237352525,0,0.9272295566318202,0.07277044336817984,0,0.10583724473664162,0.8941627552633584,1,0.8657269746890595,0.1342730253109406,0,0.15952477687694644,0.8404752231230536,1
2.1839730705103366,5.109723052482248,0,1,0.004809536854603221,0.9951904631453968,1,0.9712469790569644,0.028753020943035543,0,0.9394583706448707,0.06054162935512921,0,0.0896534354085836,0.9103465645914164,1,0.8850821067696295,0.11491789323037051,0,0.13766125326601994,0.8623387467339801,1
2.966503603703688,7.03072286357882,0,1,0.01393672644516107,0.9860632735548389,1,0.94176483049776,0.05823516950223994,0,0.8946626119578079,0.10533738804219205,0,0.14422766467099662,0.8557723353290033,1,0.8240468291070229,0.17595317089297702,0,0.20289457483421708,0.7971054251657829,1
2.8699049788894957,4.900296170189107,0,1,0.006031896432200665,0.9939681035677994,1,0.9663879196068821,0.03361208039311801,0,0.9311977181154567,0.06880228188454329,0,0.10053646172265239,0.8994635382773476,1,0.8721291917810763,0.12787080821892363,0,0.1522387226650372,0.8477612773349628,1
4.601121820179317,6.05797807703979,0,1,0.016385047410259805,0.9836149525897402,1,0.9351837305440365,0.06481626945596358,0,0.8854997186803253,0.11450028131967466,0,0.15478490390635352,0.8452150960936465,1,0.812751516918058,0.18724848308194186,0,0.21450631888144586,0.7854936811185541,1
1.623836330412976,3.989442276926921,0,1,0.0017858969754433402,0.9982141030245567,1,0.9855215931092924,0.014478406890707625,0,0.9656949007606349,0.03430509923936511,0,0.053427710055092247,0.9465722899449078,1,0.9298242175431757,0.07017578245682442,0,0.0855202673375275,0.9144797326624724,1
4.070576299088196,5.529535967233254,0,1,0.012126940597726133,0.9878730594022739,1,0.9466006050839413,0.05339939491605864,0,0.9011494706040258,0.09885052939597413,0,0.13704041660793068,0.8629595833920692,1,0.8314827523440511,0.16851724765594903,0,0.19544531097657672,0.8045546890234233,1
3.3605985983891395,6.05675487381415,0,1,0.011087344597107468,0.9889126554028926,1,0.949783969061482,0.05021603093851813,0,0.9059623300838273,0.09403766991617254,0,0.13112340156197366,0.8688765984380263,1,0.8381669023032163,0.1618330976967837,0,0.1882577145666793,0.8117422854333206,1
3.2561495076413776,5.187813398834913,0,1,0.007968247568611548,0.9920317524313884,1,0.959517178167148,0.04048282183285199,0,0.9203134954549403,0.07968650454505974,0,0.11410998990877697,0.8858900100912229,1,0.8567188592734559,0.14328114072654421,0,0.16888064377132067,0.8311193562286794,1
1.214361357917468,6.077411645807981,0,1,0.006088302668734702,0.9939116973312653,1,0.9661297932730987,0.03387020672690127,0,0.9305464402678104,0.06945355973218954,0,0.10186471644839369,0.8981352835516063,1,0.8699022511294366,0.13009774887056327,0,0.1554374896892673,0.8445625103107327,1
2.013660572239571,6.7593099893579645,0,1,0.010221875557187347,0.9897781244428125,1,0.9523543087205514,0.0476456912794487,0,0.9095644098931324,0.09043559010686758,0,0.12714449330060246,0.8728555066993976,1,0.8421508174546078,0.15784918254539218,0,0.18445614679638725,0.8155438532036127,1
3.869834857795125,5.486545916034384,0,1,0.01113749616231876,0.9888625038376812,1,0.9495006441973696,0.050499355802630416,0,0.9053316823773325,0.09466831762266747,0,0.1321227851074379,0.8678772148925622,1,0.836825947705195,0.16317405229480492,0,0.1898792492008541,0.8101207507991459,1
3.448221309959365,7.010775529697858,0,1,0.015441515163299852,0.9845584848367002,1,0.9377840698270168,0.06221593017298312,0,0.8892477370062173,0.11075226299378271,0,0.15032258992303404,0.849677410076966,1,0.8176594394172211,0.18234056058277887,0,0.2093512594264786,0.7906487405735214,1
0.2771607661659945,5.520198560454996,0,1,0.003501748674545652,0.9964982513254542,1,0.9764518866920481,0.023548113307951982,0,0.9473496265949891,0.05265037340501092,0,0.08135607207723006,0.91864392792277,1,0.8919930860192529,0.10800691398074715,0,0.13319786571843406,0.8668021342815659,1
1.380417758775084,7.652559947520331,0,1,0.013885730584913375,0.9861142694150865,1,0.9416109337194751,0.05838906628052477,0,0.8938456741155615,0.10615432588443854,0,0.14601475670120742,0.8539852432987926,1,0.8212197885578152,0.17878021144218478,0,0.20663958622670517,0.7933604137732948,1
3.2946286148811046,5.753971484095715,0,1,0.00979735307778703,0.9902026469222128,1,0.95367591712301,0.04632408287699,0,0.9116207469926092,0.08837925300739077,0,0.12445805345909676,0.8755419465409031,1,0.8454122154968158,0.15458778450318414,0,0.1807038080739733,0.8192961919260268,1
2.133927161080912,6.331586400743699,0,1,0.008638543422172273,0.9913614565778278,1,0.9573936882685375,0.04260631173146244,0,0.9171829737149676,0.0828170262850323,0,0.11785519305974994,0.8821448069402501,1,0.8525609592664798,0.14743904073352024,0,0.17332137571085005,0.8266786242891498,1
-8.724190729479679,-4.667172729569724,1,0,0.9987358031734909,0.0012641968265090621,0,0.012119680538122138,0.9878803194618778,1,0.03335876358827623,0.9666412364117238,1,0.9398718904574285,0.060128109542571515,0,0.08918983440238769,0.9108101655976123,1,0.8815129905364385,0.11848700946356154,0
-8.125096714701812,-5.365531666541072,1,0,0.9994114688340295,0.0005885311659704592,0,0.007043078990208968,0.992956921009791,1,0.021528631232516245,0.9784713687674838,1,0.9582653875640071,0.04173461243599281,0,0.06567593160172565,0.9343240683982744,1,0.908368522006761,0.09163147799323902,0
-8.683502943909488,-5.425609760034458,1,0,0.9998203930073514,0.00017960699264864833,0,0.003229473953844868,0.9967705260461551,1,0.011935703303705629,0.9880642966962944,1,0.9739623942992583,0.026037605700741637,0,0.044570736725421126,0.955429263274579,1,0.9337349671312521,0.06626503286874796,0
-9.444790191091007,-7.4614371849384815,1,0,0.9999726618314058,2.733816859423287e-05,0,0.0017724178987885836,0.9982275821012114,1,0.011159354160744091,0.9888406458392559,1,0.9700326948926483,0.029967305107351707,0,0.0544713099237494,0.9455286900762506,1,0.9191526289472393,0.08084737105276071,0
-10.563464791862703,-6.604428602325785,1,0,0.9998861197341065,0.0001138802658935758,0,0.0038639382895560106,0.996136061710444,1,0.018369056829511277,0.9816309431704887,1,0.9572859070688357,0.042714092931164294,0,0.07148116925780253,0.9285188307421975,1,0.899296130448612,0.10070386955138805,0
-9.862973579598476,-7.500010980658866,1,0,0.9999436835290823,5.6316470917813026e-05,0,0.00272741581610941,0.9972725841838906,1,0.014981814307615532,0.9850181856923845,1,0.962715866245991,0.03728413375400905,0,0.06466491768522538,0.9353350823147747,1,0.906973962189654,0.09302603781034605,0
-10.416036576179009,-7.504089557336947,1,0,0.9998391645963048,0.00016083540369517184,0,0.004926875307742352,0.9950731246922577,1,0.022141123547721745,0.9778588764522782,1,0.9504573573860627,0.04954264261393736,0,0.08066046490002557,0.9193395350999743,1,0.8886310248699216,0.11136897513007836,0
-8.810715843897443,-5.912179818146413,1,0,0.9999785869099221,2.141309007775628e-05,0,0.0006999889367472151,0.9993000110632528,1,0.003337713194958729,0.9966622868050413,1,0.9913568617607353,0.008643138239264601,0,0.017172283434961723,0.9828277165650383,1,0.9707942026114375,0.029205797388562445,0
-9.188872776113934,-7.5366724510300145,1,0,0.9999653891497908,3.461085020909938e-05,0,0.0019237300336436473,0.9980762699663563,1,0.011512328503314797,0.9884876714966853,1,0.9696290272694853,0.03037097273051464,0,0.05485088336564682,0.9451491166343533,1,0.9187786051804055,0.08122139481959438,0
-11.526675823433449,-6.603824125942656,1,0,0.9992115146046681,0.0007884853953320239,0,0.011923757389574633,0.9880762426104255,1,0.03929166114161542,0.9607083388583845,1,0.9252660487075023,0.07473395129249769,0,0.11067124370531806,0.8893287562946819,1,0.856147698246656,0.14385230175334393,0
-9.115137684649715,-6.600187939548483,1,0,0.999999993166049,6.833950903412175e-09,0,1.1828499442797296e-05,0.9999881715005573,1,0.0006769979997807904,0.9993230020002193,1,0.9954106649392578,0.004589335060742172,0,0.013253718186015609,0.9867462818139843,1,0.9742430582230843,0.025756941776915645,0
-8.91454665369616,-6.1720673848204255,1,0,0.9999966288428792,3.3711571207348366e-06,0,0.00015973432017491734,0.9998402656798252,1,0.0008071002941811995,0.9991928997058188,1,0.9979039434067561,0.0020960565932438393,0,0.004397354997365581,0.9956026450026344,1,0.9915589994805964,0.0084410005194036,0
-6.808063173855695,-8.571376614296204,1,0,0.9955532661355087,0.00444673386449148,0,0.03043794626393777,0.9695620537360623,1,0.07068663932574107,0.929313360674259,1,0.8875878988783664,0.11241210112163365,0,0.15056550382969416,0.8494344961703059,1,0.8159422437352883,0.1840577562647117,0
-8.910012755952103,-7.011890086279369,1,0,0.999995943557163,4.0564428369459086e-06,0,0.0004698916015653504,0.9995301083984347,1,0.0042360581524595224,0.9957639418475404,1,0.9856573098421052,0.01434269015789482,0,0.03033726094385336,0.9696627390561466,1,0.9500590986519716,0.04994090134802836,0
-8.765481273054363,-5.594154303576567,1,0,0.999911706459162,8.8293540837995e-05,0,0.0019785679374909075,0.998021432062509,1,0.008086667516479585,0.9919133324835204,1,0.9811555766175087,0.018844423382491142,0,0.03395731934522739,0.9660426806547726,1,0.9473595346994844,0.05264046530051556,0
-9.967337506563354,-6.750008815121163,1,0,0.9999862251247322,1.3774875267726768e-05,0,0.001232854081160472,0.9987671459188395,1,0.008835461262817533,0.9911645387371824,1,0.9746959842512978,0.0253040157487021,0,0.04771926534507357,0.9522807346549264,1,0.9274971401449053,0.07250285985509478,0
-10.036438699441057,-4.373048374745469,1,0,0.9981472878108348,0.0018527121891651816,0,0.017005393929640282,0.9829946060703598,1,0.045515631151472224,0.9544843688485278,1,0.9207638596562976,0.0792361403437024,0,0.1131721251155735,0.8868278748844265,1,0.854891734445894,0.14510826555410603,0
-9.031268249902372,-5.563036794156703,1,0,0.9999320869955045,6.79130044955424e-05,0,0.0017416666084454026,0.9982583333915547,1,0.007648928777411166,0.9923510712225888,1,0.9814524619487822,0.018547538051217796,0,0.034028400124002385,0.9659715998759976,1,0.9469695222888596,0.05303047771114039,0
-9.0197728333676,-6.501296839901947,1,0,0.9999999068737229,9.312627710762765e-08,0,6.708795128338552e-06,0.9999932912048717,1,0.0002033837514394785,0.9997966162485606,1,0.9978297818221954,0.0021702181778045565,0,0.007771538772141598,0.9922284612278585,1,0.9831400176477803,0.01685998235221972,0
-10.10136925983825,-6.238627358429541,1,0,0.999967274961859,3.272503814110585e-05,0,0.0017482696816737704,0.9982517303183263,1,0.010404014768891082,0.9895959852311088,1,0.9723149531631391,0.02768504683686095,0,0.050577685313132864,0.9494223146868671,1,0.9243027277756682,0.07569727222433165,0
-9.374892759913871,-6.704237515629061,1,0,0.9999999098316724,9.016832749179254e-08,0,0.0001278315063057509,0.9998721684936942,1,0.0023619247514751265,0.9976380752485249,1,0.9897591526489374,0.010240847351062654,0,0.023999535157527938,0.9760004648424722,1,0.9584692955217057,0.041530704478294364,0
-9.925237408093825,-6.306320577698289,1,0,0.9999862364894448,1.3763510555215291e-05,0,0.0010679932785529326,0.9989320067214471,1,0.00753136437921013,0.9924686356207898,1,0.9780752643825817,0.021924735617418274,0,0.042206755404356484,0.9577932445956435,1,0.9346932679461354,0.06530673205386461,0
-9.60560989237762,-6.985407373141087,1,0,0.9999956800369814,4.31996301865702e-06,0,0.000706271809588619,0.9992937281904114,1,0.006355922066238662,0.9936440779337612,1,0.9798036062709391,0.02019639372906087,0,0.04024920212676531,0.9597507978732348,1,0.9367863951385336,0.06321360486146645,0
-8.467319554045051,-6.416798573504929,1,0,0.9999797791918816,2.0220808118387427e-05,0,0.0007297160407089221,0.999270283959291,1,0.003807433062571903,0.9961925669374281,1,0.9895046639067282,0.010495336093271768,0,0.02133043197470009,0.9786695680252999,1,0.964001655467881,0.03599834453211899,0
-9.872412442671113,-6.552013763393052,1,0,0.999992418041591,7.581958409117059e-06,0,0.0008502022641977102,0.9991497977358024,1,0.006817324936493402,0.9931826750635067,1,0.9791718082552734,0.020828191744726627,0,0.04089558511673181,0.9591044148832683,1,0.9361625311046943,0.06383746889530573,0
-9.995403788062134,-5.932491861010808,1,0,0.9999541844417228,4.581555827713183e-05,0,0.0019324290223726773,0.9980675709776273,1,0.010549487332181784,0.9894505126678182,1,0.9727281796361128,0.027271820363887263,0,0.04945258421062809,0.950547415789372,1,0.9259770362923899,0.07402296370761019,0
-10.057786660407745,-5.936296995318084,1,0,0.9999458689616361,5.413103836398656e-05,0,0.002163144535127545,0.9978368554648724,1,0.011476393966518155,0.9885236060334818,1,0.9708777361705793,0.02912226382942079,0,0.05214097327911442,0.9478590267208856,1,0.9226547776729495,0.0773452223270505,0
-10.374132855909064,-5.86830708595056,1,0,0.999860826411964,0.00013917358803593272,0,0.003915882557980881,0.996084117442019,1,0.01750478340246641,0.9824952165975336,1,0.9598820106498834,0.04011798935011652,0,0.06726197050655912,0.9327380294934408,1,0.9046089909387821,0.09539100906121793,0
-9.24785890171894,-6.866293889806801,1,0,0.9999996150269151,3.849730848616441e-07,0,0.00020085518219617088,0.999799144817804,1,0.002928722181885315,0.9970712778181147,1,0.9882819979711037,0.011718002028896229,0,0.026499483832136884,0.9735005161678632,1,0.9550093672340746,0.044990632765925374,0
-11.265660647630783,-7.339249720324855,1,0,0.999409179149042,0.0005908208509579695,0,0.010299885579036662,0.9897001144209634,1,0.03604968470265573,0.9639503152973443,1,0.9294083406404775,0.07059165935952251,0,0.10615726067830433,0.8938427393216956,1,0.8607799366575221,0.13922006334247794,0
-7.997357956373487,-6.543778793419139,1,0,0.9998578323417366,0.00014216765826347146,0,0.0029632161436169437,0.997036783856383,1,0.011910141492030667,0.9880898585079694,1,0.9728543837252926,0.027145616274707404,0,0.04723226287167877,0.9527677371283212,1,0.929701495613724,0.07029850438627598,0
-9.558061974720673,-6.070121057574558,1,0,0.9999936514702062,6.3485297937132045e-06,0,0.0005140571773373512,0.9994859428226628,1,0.004017454727477173,0.9959825452725228,1,0.986935729956478,0.013064270043522076,0,0.027521046004738533,0.9724789539952615,1,0.9543883876791047,0.045611612320895174,0
-9.739144244800078,-6.776348023696809,1,0,0.999995912671808,4.087328192094446e-06,0,0.0006704294170309354,0.999329570582969,1,0.006088145988749616,0.9939118540112504,1,0.9804991034930827,0.019500896506917262,0,0.039096229732377086,0.9609037702676229,1,0.9383256348937813,0.061674365106218654,0
-9.921033604231276,-7.782412638260722,1,0,0.9998774138008032,0.00012258619919686215,0,0.0041960975023151905,0.9958039024976847,1,0.019856408122406324,0.9801435918775936,1,0.9542754817215987,0.04572451827840134,0,0.07576885639935953,0.9242311436006405,1,0.8941552651753073,0.1058447348246926,0
-9.39467391322485,-5.414562613939836,1,0,0.9998913139184068,0.00010868608159320624,0,0.0026312109307853383,0.9973687890692146,1,0.011288792832965447,0.9887112071670345,1,0.9735208113559575,0.02647918864404258,0,0.0465663320834957,0.9534336679165044,1,0.930504631112497,0.06949536888750306,0
-10.238553250178756,-5.76245790190949,1,0,0.9998741811606604,0.0001258188393395758,0,0.003577440655208494,0.9964225593447914,1,0.016167989341004184,0.9838320106589958,1,0.9625011701145789,0.03749882988542102,0,0.06355027080992867,0.9364497291900712,1,0.9090675136957361,0.09093248630426377,0
-8.665820981881618,-7.353612946001569,1,0,0.9999612547101907,3.874528980925427e-05,0,0.0017567844161017285,0.9982432155838983,1,0.010009543529960101,0.9899904564700398,1,0.9735158948796461,0.02648410512035389,0,0.048623654690576064,0.9513763453094238,1,0.9267189123694637,0.07328108763053623,0
-9.375538985384145,-7.590056569081706,1,0,0.999957430383733,4.25696162669961e-05,0,0.002232525199091999,0.997767474800908,1,0.012885457570692089,0.9871145424293079,1,0.9668384703913311,0.033161529608669,0,0.05886712470054302,0.9411328752994569,1,0.9138992360051996,0.08610076399480043,0
-8.937984022817876,-6.586597416114176,1,0,0.999999685785787,3.1421421300334783e-07,0,4.162242241487843e-05,0.9999583775775851,1,0.0006564311205816738,0.9993435688794184,1,0.9962311875569871,0.0037688124430127405,0,0.010967415396856089,0.9890325846031439,1,0.9781158390068311,0.0218841609931688,0
-9.387537358265048,-6.024470753070602,1,0,0.9999947194423301,5.280557669932708e-06,0,0.000380361516671732,0.9996196384833284,1,0.002905210527834833,0.9970947894721652,1,0.99025480266414,0.009745197335859983,0,0.021400911895111542,0.9785990881048884,1,0.9631940497391817,0.036805950260818496,0
-11.300988041651154,-7.0325332848,1,0,0.999438825424787,0.0005611745752129528,0,0.009916749227183592,0.9900832507728164,1,0.03498097370995568,0.9650190262900442,1,0.9311067850178568,0.06889321498214324,0,0.10405203607918144,0.8959479639208185,1,0.8630928220907513,0.13690717790924864,0
-8.984866810810116,-4.948568245230932,1,0,0.9994734581812832,0.0005265418187167162,0,0.006954536219926452,0.9930454637800736,1,0.022289152521063282,0.9777108474789368,1,0.9559614997932906,0.04403850020670945,0,0.06947628250579066,0.9305237174942093,1,0.903564406820495,0.09643559317950509,0
-9.769017531926853,-8.188618946234737,1,0,0.9997443165723919,0.00025568342760799804,0,0.006302175048772604,0.9936978249512274,1,0.025876703075679824,0.9741232969243202,1,0.9446551908750181,0.055344809124981985,0,0.08783423997424086,0.9121657600257591,1,0.8806476921791299,0.11935230782087025,0
-8.845002017931883,-8.388572208835868,1,0,0.9995949077716655,0.00040509222833450524,0,0.0077924773381597085,0.9922075226618402,1,0.02899612810327024,0.9710038718967297,1,0.9406276597871742,0.05937234021282588,0,0.09227364958419647,0.9077263504158035,1,0.8759909902047566,0.12400900979524346,0
-10.446197802819492,-6.419575605481228,1,0,0.9999134867360423,8.651326395758974e-05,0,0.0032250068193131853,0.9967749931806869,1,0.016083745956373723,0.9839162540436263,1,0.9614614197277008,0.038538580272299124,0,0.06580921617941395,0.9341907838205861,1,0.9059551631566998,0.09404483684330033,0
-10.295854145558776,-7.142918774423815,1,0,0.9999258516661316,7.414833386839294e-05,0,0.0031696611960537685,0.9968303388039462,1,0.01649019300222127,0.9835098069977788,1,0.9600913425427461,0.03990865745725383,0,0.06811392422207381,0.9318860757779261,1,0.9030015859806481,0.09699841401935186,0
-7.678224873027833,-9.010008096610033,1,0,0.9975312614431974,0.0024687385568026307,0,0.022092966211332925,0.9779070337886672,1,0.05789586209941541,0.9421041379005846,1,0.9020094203989721,0.09799057960102793,0,0.13590678919016447,0.8640932108098355,1,0.8303129792299211,0.169687020770079,0
-8.128292459105818,-6.906458109648833,1,0,0.9999038904112449,9.610958875505306e-05,0,0.0025014826334917397,0.9974985173665082,1,0.011217796206712928,0.9887822037932871,1,0.9730722144634252,0.026927785536574666,0,0.04780272982827211,0.9521972701717278,1,0.9285018001176241,0.07149819988237589,0
-8.918788032178298,-6.846107675700114,1,0,0.9999986209230955,1.3790769045031508e-06,0,0.0002219506904571261,0.999778049309543,1,0.002518813934528711,0.9974811860654714,1,0.9901639916188814,0.009836008381118687,0,0.02265220761933889,0.9773477923806612,1,0.9606547220118272,0.03934527798817282,0
-10.063578875162966,-7.136043964425411,1,0,0.9999620601528773,3.793984712268777e-05,0,0.0022000960193992703,0.9977999039806008,1,0.013023699129383342,0.9869763008706166,1,0.9663251841067378,0.0336748158932621,0,0.05972336701778898,0.940276632982211,1,0.9128393984218917,0.0871606015781083,0
-10.487064798076933,-6.505034159278124,1,0,0.9999061734245508,9.382657544916502e-05,0,0.0034188102641063956,0.9965811897358936,1,0.01682687949596107,0.9831731205040389,1,0.9600518632584348,0.03994813674156523,0,0.06776286505522947,0.9322371349447705,1,0.9036368183341587,0.09636318166584137,0
-9.385858282383666,-7.219652556645271,1,0,0.9999916152236696,8.384776330437413e-06,0,0.0009398483710848593,0.9990601516289151,1,0.007446618990646327,0.9925533810093536,1,0.9775599154941779,0.022440084505822102,0,0.04355838319123207,0.9564416168087679,1,0.9326122334998497,0.06738776650015023,0
-10.990644747355876,-6.911407516451581,1,0,0.9996846334054806,0.00031536659451929325,0,0.007077175501230527,0.9929228244987693,1,0.027831568638487583,0.9721684313615124,1,0.9418003961590984,0.05819960384090172,0,0.09118632267322652,0.9088136773267735,1,0.8770729031775358,0.1229270968224642,0
-7.478705554860259,-6.947067453863227,1,0,0.9993518708653156,0.0006481291346843194,0,0.008426791572560365,0.9915732084274397,1,0.026903981084767242,0.9730960189152327,1,0.9474998432462536,0.05250015675374645,0,0.08127827264104753,0.9187217273589524,1,0.8894554632146854,0.11054453678531466,0
-8.32593878628001,-9.837203457795171,1,0,0.9965670360206593,0.0034329639793405455,0,0.027766302561246195,0.9722336974387538,1,0.06895326592534087,0.9310467340746591,1,0.8874317365964349,0.11256826340356514,0,0.15212917506278248,0.8478708249372177,1,0.8136689559961426,0.18633104400385742,0
-10.350224078442288,-6.306576937474665,1,0,0.9999296406118111,7.035938818903041e-05,0,0.0028052184873369876,0.9971947815126629,1,0.014495221903142761,0.9855047780968573,1,0.9644635841894417,0.035536415810558324,0,0.06164203041823077,0.9383579695817693,1,0.9109191679603801,0.08908083203961996,0
-8.967938041590788,-7.372312814480046,1,0,0.9999784503262433,2.1549673756591334e-05,0,0.0013743945407304389,0.9986256054592695,1,0.008942890828702666,0.9910571091712972,1,0.9750378330561206,0.024962166943879517,0,0.046863686911206466,0.9531363130887934,1,0.9286745902038209,0.07132540979617912,0
-9.029943160130928,-6.491538813788769,1,0,0.99999991796025,8.203975003427002e-08,0,4.8636818986121896e-06,0.9999951363181014,1,0.00017123259133945476,0.9998287674086604,1,0.9979472571856589,0.0020527428143410835,0,0.007535540230180205,0.9924644597698197,1,0.9835175838466146,0.016482416153385502,0
-9.611439356691308,-7.110893856632316,1,0,0.9999919701265286,8.029873471398864e-06,0,0.0009623203882842504,0.9990376796117159,1,0.007688934387631693,0.9923110656123683,1,0.9769018665049685,0.0230981334950315,0,0.04463109460135785,0.9553689053986422,1,0.9312324988533983,0.06876750114660166,0
-8.295172301207401,-9.246725976818723,1,0,0.9980504151179713,0.0019495848820285926,0,0.019653405560549755,0.9803465944394502,1,0.0542094922161037,0.9457905077838962,1,0.9059882651919468,0.09401173480805326,0,0.13200523276749773,0.8679947672325022,1,0.8340710774341435,0.16592892256585648,0
-8.712453307342281,-6.316175744346973,1,0,0.9999942866897757,5.713310224162258e-06,0,0.0002568038580509134,0.9997431961419491,1,0.0013962869312824173,0.9986037130687175,1,0.9959540089297608,0.004045991070239306,0,0.00903550016971118,0.9909644998302888,1,0.9829523275334031,0.017047672466596983,0
-10.915761755140233,-7.569408028541373,1,0,0.9995980057550616,0.0004019942449383372,0,0.008295206850663808,0.9917047931493361,1,0.03128914186523709,0.9687108581347629,1,0.936254369425464,0.06374563057453592,0,0.09812442269165142,0.9018755773083486,1,0.8693744648216071,0.1306255351783929,0
-9.207734016250765,-7.518791337530007,1,0,0.9999679028963834,3.20971036165862e-05,0,0.001851228107661526,0.9981487718923385,1,0.011247175981319616,0.9887528240186804,1,0.9701135617934867,0.02988643820651325,0,0.05418661085472963,0.9458133891452704,1,0.9195736561413875,0.08042634385861237,0
-10.893863012706914,-6.557740605016538,1,0,0.9997444508774779,0.0002555491225221429,0,0.006142788460221996,0.993857211539778,1,0.025029369959882374,0.9749706300401176,1,0.9464439512709607,0.05355604872903917,0,0.08525837660111557,0.9147416233988845,1,0.8837368897140221,0.11626311028597788,0
-8.694952718329116,-7.117529128283251,1,0,0.9999840724395429,1.592756045714522e-05,0,0.000973683521312067,0.999026316478688,1,0.006524058424650654,0.9934759415753492,1,0.9808791567989326,0.01912084320106755,0,0.03753660988297669,0.9624633901170233,1,0.9407748031693026,0.05922519683069736,0
-9.335450295481628,-6.63315909387155,1,0,0.9999999835345907,1.6465409122210142e-08,0,7.024454648912916e-05,0.9999297554535109,1,0.0017247430000548328,0.9982752569999452,1,0.9916738077304399,0.008326192269560146,0,0.020550147275767348,0.9794498527242326,1,0.9633733942350206,0.03662660576497935,0
-8.562326403258366,-6.831827807362887,1,0,0.9999868636066,1.313639339989018e-05,0,0.0007043779151822529,0.9992956220848177,1,0.004603202238171499,0.9953967977618284,1,0.986079285406342,0.013920714593657936,0,0.028571017628344287,0.9714289823716558,1,0.9530226576843273,0.04697734231567262,0
-8.388610080074413,-4.382466041920544,1,0,0.9969819394789751,0.003018060521024778,0,0.020974376914910282,0.9790256230850897,1,0.04957341274240918,0.9504265872575908,1,0.9184315059960984,0.08156849400390166,0,0.11383269788610642,0.8861673021138936,1,0.8551948962529163,0.14480510374708366,0
-9.253158654596898,-6.5033302119190655,1,0,0.999999998895156,1.1048440665875663e-09,0,1.352325785511258e-05,0.9999864767421448,1,0.000777435539703438,0.9992225644602967,1,0.9949732251041952,0.005026774895804729,0,0.01415684431975421,0.9858431556802457,1,0.972884001863267,0.027115998136733054,0
-9.89737835232122,-6.842451203520836,1,0,0.9999887643515746,1.1235648425528584e-05,0,0.001128400672656097,0.9988715993273439,1,0.008426251156968483,0.9915737488430314,1,0.9754478465598831,0.02455215344011683,0,0.04669138005949147,0.9533086199405085,1,0.9287290688041658,0.07127093119583412,0
-9.806181061949712,-5.269370831943774,1,0,0.9997752046432069,0.00022479535679313935,0,0.004540215903034792,0.9954597840969652,1,0.017737664558061125,0.982262335441939,1,0.9613241529018173,0.03867584709818265,0,0.06399435925141757,0.9360056407485824,1,0.9091438473407099,0.09085615265929022,0
-11.591210654505083,-6.152824014104925,1,0,0.9990045901575834,0.0009954098424167985,0,0.013455070752692937,0.9865449292473071,1,0.04224415692827316,0.9577558430717268,1,0.9215402317067026,0.07845976829329747,0,0.1147107106017417,0.8852892893982583,1,0.8520149806323943,0.14798501936760575,0
-8.816375450155244,-6.23570129511561,1,0,0.999995915242978,4.084757021870102e-06,0,0.00018569383192710513,0.9998143061680729,1,0.0009343433089387696,0.9990656566910612,1,0.9975608114965161,0.0024391885034839513,0,0.005134759139076185,0.9948652408609238,1,0.9901557985909089,0.009844201409091227,0
-10.487100879205542,-6.453893992501603,1,0,0.9999041918497933,9.580815020671694e-05,0,0.003438020245459035,0.9965619797545411,1,0.016833000082899466,0.9831669999171005,1,0.9601036933431684,0.039896306656831644,0,0.06764888333512362,0.9323511166648764,1,0.903793930554015,0.09620606944598493,0
-7.700029297193404,-7.979020559426832,1,0,0.9991403594836962,0.0008596405163038222,0,0.011145121726283172,0.9888548782737169,1,0.03510158531702779,0.9648984146829722,1,0.9334177021153678,0.06658229788463206,0,0.09974669618781384,0.9002533038121862,1,0.8684478280186341,0.131552171981366,0
-11.545655333039344,-6.333060701199986,1,0,0.9991327254788395,0.0008672745211605043,0,0.012484910279760366,0.9875150897202396,1,0.04030183135401129,0.9596981686459888,1,0.9240742256345391,0.07592577436546095,0,0.11190102771614989,0.88809897228385,1,0.8549245605012334,0.1450754394987665,0
-9.9014381015554,-5.774478465050798,1,0,0.9999427227735401,5.727722645976666e-05,0,0.0020920849953054467,0.9979079150046946,1,0.010777613282719275,0.9892223867172807,1,0.9727456911499758,0.02725430885002428,0,0.04907224007143439,0.9509277599285656,1,0.9266394274176759,0.07336057258232417,0
-7.827176399082824,-7.084935396820652,1,0,0.999720161900723,0.0002798380992770014,0,0.005066397894673193,0.9949336021053267,1,0.018963160534470874,0.9810368394655291,1,0.9594422432044128,0.04055775679558701,0,0.06647646624150279,0.9335235337584973,1,0.90611290446972,0.0938870955302799,0
-9.403466512026553,-6.446874426928927,1,0,0.9999998913721839,1.0862781614981943e-07,0,8.055484756372033e-05,0.9999194451524362,1,0.0016170541133296043,0.9983829458866704,1,0.9923164045331067,0.007683595466893276,0,0.019104565237039135,0.9808954347629609,1,0.9656353496726119,0.03436465032738811,0
-10.155387286918993,-6.982507037503464,1,0,0.9999607654615116,3.923453848834154e-05,0,0.002217740416124444,0.9977822595838755,1,0.013022086457607777,0.9869779135423922,1,0.9664099291093133,0.033590070890686705,0,0.059542390889934634,0.9404576091100654,1,0.913095098249831,0.08690490175016906,0
-8.550649299553118,-7.22863960911282,1,0,0.9999626268518267,3.737314817339089e-05,0,0.001617490135031551,0.9983825098649683,1,0.009140987912638746,0.9908590120873614,1,0.9756256274076756,0.0243743725923244,0,0.04526566276122739,0.9547343372387725,1,0.931037648250916,0.06896235174908406,0
-8.536308680931354,-5.536768704979639,1,0,0.9998321789759401,0.00016782102405982452,0,0.003031855858793811,0.9969681441412062,1,0.011205667542478204,0.9887943324575217,1,0.9754935099864013,0.024506490013598715,0,0.042187736948294384,0.9578122630517055,1,0.936826538757016,0.06317346124298395,0
-8.292016714244575,-7.303078644695869,1,0,0.999903045625915,9.69543740850697e-05,0,0.0028165266451277986,0.9971834733548722,1,0.013158242306900464,0.9868417576930995,1,0.9683781830547672,0.03162181694523293,0,0.05527176376102018,0.9447282362389797,1,0.9189302669362761,0.08106973306372393,0
-6.99039841360451,-7.74978869244728,1,0,0.997710877505563,0.0022891224944370896,0,0.01962818400609198,0.980371815993908,1,0.050995177795389285,0.9490048222046108,1,0.9129322577882187,0.0870677422117812,0,0.12252387879041207,0.8774761212095878,1,0.844745974649244,0.15525402535075614,0
-9.226547682113358,-6.685331761711789,1,0,0.9999999893112025,1.068879761726352e-08,0,5.2808009851164216e-05,0.9999471919901488,1,0.0014731895641806097,0.9985268104358194,1,0.9924949353012319,0.007505064698768133,0,0.01902454942108797,0.9809754505789121,1,0.9655667016717348,0.0344332983282652,0
-8.475670580198031,-6.850166548587636,1,0,0.9999787720899662,2.1227910033759038e-05,0,0.0009547461666080237,0.9990452538333919,1,0.005672481581763159,0.9943275184182367,1,0.9838138952962877,0.016186104703712192,0,0.03207503555568568,0.9679249644443142,1,0.9484030429056238,0.05159695709437609,0
-4.016777093113477,-0.6431943796844644,-1,1,0.07428288221205857,0.9257171177879415,1,0.7925547193271852,0.20744528067281476,0,0.6887291730731794,0.3112708269268207,0,0.377787527332371,0.622212472667629,1,0.5820482208104271,0.41795177918957294,0,0.4420219903870788,0.5579780096129212,1
-3.5649803485556077,-1.2461269650604838,-1,1,0.08386041559398345,0.9161395844060165,1,0.778417154157698,0.221582845842302,0,0.6754428297299433,0.3245571702700567,0,0.38907683693863276,0.6109231630613673,1,0.5725686971187322,0.4274313028812678,0,0.4500832573061459,0.549916742693854,1
-3.6700658187380273,-0.6874683400853594,-1,1,0.05417234335680569,0.9458276566431943,1,0.8232705677032467,0.1767294322967532,0,0.7170010543552198,0.2829989456447802,0,0.3544075256603618,0.6455924743396382,1,0.6012641533021583,0.39873584669784157,0,0.42591832298011517,0.5740816770198849,1
-3.354525028353446,1.7830061284939736,-1,1,0.004683754669635904,0.9953162453303641,1,0.9568147284024817,0.04318527159751827,0,0.8856033208684628,0.11439667913153713,0,0.18887861943982484,0.811121380560175,1,0.7504330028786728,0.24956699712132724,0,0.29441710106284114,0.7055828989371589,1
-2.9907998928729755,0.8874799969464808,-1,1,0.004512516143089792,0.9954874838569102,1,0.9545752978119777,0.04542470218802227,0,0.8770669541016349,0.12293304589836504,0,0.20234513584667732,0.7976548641533228,1,0.7350500286865574,0.26494997131344256,0,0.30983562755690763,0.6901643724430923,1
-3.0433793962437568,-1.1894453267920644,-1,1,0.04855141132060716,0.951448588679393,1,0.8328601331375219,0.16713986686247814,0,0.7262900472776335,0.27370995272236653,0,0.3464716895167046,0.6535283104832954,1,0.6079356462668297,0.39206435373317033,0,0.4202384955182289,0.5797615044817711,1
-4.247574636401609,-3.2015395794378527,-1,1,0.5369530500876678,0.4630469499123323,0,0.42966855670533505,0.570331443294665,1,0.41333055103940114,0.5866694489605988,1,0.5923516508440637,0.4076483491559363,0,0.4085948759870348,0.5914051240129653,1,0.5869895965937719,0.41301040340622813,0
-3.862865554937506,-1.748214468981789,-1,1,0.16967558879589692,0.830324411204103,1,0.6841916891082588,0.31580831089174116,0,0.5975667909456224,0.4024332090543775,0,0.4512466016566199,0.5487533983433801,1,0.5220099782845155,0.47799002171548455,0,0.4923499822780766,0.5076500177219233,1
-3.071179979699692,-0.079792660244786,-1,1,0.0143476151191285,0.9856523848808715,1,0.9126156089418231,0.08738439105817689,0,0.8148507810478186,0.18514921895218148,0,0.26685585833682224,0.7331441416631778,1,0.6759080347607889,0.32409196523921113,0,0.3622264857886059,0.637773514211394,1
-2.853641549256346,-1.5744217832189764,-1,1,0.06197312153365254,0.9380268784663475,1,0.8109484809052775,0.18905151909472248,0,0.7058438956611348,0.2941561043388651,0,0.36329940376163133,0.6367005962383687,1,0.5942293628404665,0.40577063715953365,0,0.4316291769641217,0.5683708230358784,1
-1.7736820876348716,-1.7331761346137122,-1,1,0.032452258589254795,0.9675477414107451,1,0.867921716312487,0.13207828368751282,0,0.7660358818066628,0.23396411819333726,0,0.3090595883224023,0.6909404116775977,1,0.6412566205453469,0.358743379454653,0,0.39088254434063036,0.6091174556593696,1
-3.5008520517208392,-0.98809133396018,-1,1,0.06130832265816044,0.9386916773418397,1,0.811282239834001,0.1887177601659989,0,0.7053625058056201,0.2946374941943798,0,0.36433374147240966,0.6356662585275903,1,0.5929574754709818,0.40704252452901823,0,0.4329536725866213,0.5670463274133788,1
-2.6404340506151893,-0.6498109619287626,-1,1,0.017196980834904,0.982803019165096,1,0.9034341139442487,0.09656588605575138,0,0.8031930144741416,0.1968069855258584,0,0.2779273647959007,0.7220726352040994,1,0.666246723264137,0.33375327673586297,0,0.3705429078511257,0.6294570921488744,1
-2.567474301187863,-0.3213184398540811,-1,1,0.010326409471111688,0.9896735905288883,1,0.9265719142032641,0.07342808579673586,0,0.8330551731288728,0.1669448268711273,0,0.24932503593432967,0.7506749640656702,1,0.6913394781631346,0.30866052183686543,0,0.34886101058248964,0.6511389894175102,1
-3.718140125590165,-1.740702569860712,-1,1,0.15015465914060389,0.8498453408593961,1,0.7029284824432118,0.2970715175567881,0,0.6124053250399737,0.38759467496002625,0,0.43954403213700843,0.5604559678629916,1,0.5315063154712661,0.4684936845287338,0,0.48440507665031024,0.5155949233496897,1
-2.672721030118758,0.3586308194241614,-1,1,0.004855522240990533,0.9951444777590094,1,0.9515039598063643,0.04849604019363574,0,0.8703707654838017,0.12962923451619837,0,0.21087682204446684,0.7891231779555331,1,0.7262989083510212,0.2737010916489788,0,0.3180963808213761,0.681903619178624,1
-2.894456023009278,-1.5207281197773483,-1,1,0.06061326832723204,0.9393867316727681,1,0.812974845265234,0.18702515473476614,0,0.7076217254218256,0.29237827457817445,0,0.3619029552749697,0.6380970447250303,1,0.5953278173398355,0.4046721826601644,0,0.43073886227322294,0.569261137726777,1
-3.3818911913576377,0.6755391139238538,-1,1,0.010209039833715797,0.9897909601662842,1,0.9289514427203872,0.07104855727961287,0,0.8386287558781963,0.16137124412180373,0,0.24214337464694533,0.7578566253530546,1,0.6987425392371225,0.3012574607628775,0,0.3418468684308896,0.6581531315691104,1
-4.29994232523813,1.4434050559268026,-1,1,0.022108908955740744,0.9778910910442593,1,0.896699686878494,0.10330031312150598,0,0.8028612928289809,0.1971387071710192,0,0.27248937113333993,0.7275106288666601,1,0.6745493414307034,0.3254506585692966,0,0.3613075551038757,0.6386924448961244,1
-2.368197589631466,1.2895556349275905,-1,1,0.0008725468960781949,0.9991274531039218,1,0.9815868481987786,0.01841315180122146,0,0.9290952467363319,0.07090475326366816,0,0.1411046216158549,0.8588953783841451,1,0.7946273435831417,0.2053726564168582,0,0.2555414531188948,0.7444585468811052,1
-4.611705124415584,-2.4358696194401857,-1,1,0.4451631184267542,0.5548368815732458,1,0.4848109747764919,0.5151890252235081,1,0.4514664384883506,0.5485335615116494,1,0.5636811535604249,0.436318846439575,0,0.431446356117367,0.5685536438826331,1,0.5679942009342722,0.4320057990657278,0
-5.468990093589902,-2.3027586238628466,-1,0,0.6137175997750789,0.3862824002249211,0,0.38224803459460505,0.617751965405395,1,0.37903893261134874,0.6209610673886513,1,0.6192790300717269,0.3807209699282731,0,0.3863731688343006,0.6136268311656994,1,0.6059320582191772,0.39406794178082283,0
-1.1741587909213247,-0.2252760185245924,-1,1,0.002070455855271482,0.9979295441447285,1,0.970546212930786,0.029453787069214064,0,0.9061676408688327,0.09383235913116734,0,0.1686579520658546,0.8313420479341455,1,0.7678159320768576,0.23218406792314228,0,0.27983478207876883,0.7201652179212312,1
-3.84406097077644,-0.8098807801857391,-1,1,0.07264708192079991,0.9273529180792002,1,0.7944647223063122,0.2055352776936879,0,0.6900982104203613,0.30990178957963865,0,0.3768829845505416,0.6231170154494584,1,0.5826654370759555,0.41733456292404447,0,0.4415735980569267,0.5584264019430732,1
-2.634653429594332,-0.7468116881668125,-1,1,0.019318428663250085,0.9806815713367498,1,0.8972772318313113,0.10272276816868882,0,0.79579688608457,0.20420311391542995,0,0.2847664901746804,0.7152335098253195,1,0.6603514415218671,0.33964855847813286,0,0.3755896113415932,0.6244103886584068,1
-2.8218250579170685,-0.2555491275574796,-1,1,0.012916608836544571,0.9870833911634554,1,0.9171757783602587,0.08282422163974129,0,0.8204799083810409,0.17952009161895904,0,0.2616185183396096,0.7383814816603903,1,0.6804229982052601,0.31957700179473986,0,0.3583648790303226,0.6416351209696775,1
-4.667080298919183,-0.6151661096242639,-1,1,0.13549077587308242,0.8645092241269176,1,0.7199691411413235,0.28003085885867646,0,0.6276574505363126,0.37234254946368744,0,0.42657279571541035,0.5734272042845897,1,0.5425192576098689,0.4574807423901311,0,0.4749410994479545,0.5250589005520455,1
-0.4001887980919734,0.4533563581583066,-1,1,0.0002970995806649275,0.9997029004193351,1,0.9907517370244577,0.009248262975542286,0,0.9558337475960087,0.04416625240399135,0,0.10090472717337538,0.8990952728266245,1,0.8396409130066365,0.16035908699336363,0,0.21103665747400863,0.7889633425259913,1
-3.677102416531697,-0.3870368948424335,-1,1,0.0408211533604749,0.959178846639525,1,0.847871040490303,0.15212895950969701,0,0.7417380430810049,0.2582619569189951,0,0.3330098102713847,0.6669901897286152,1,0.6192795068671857,0.3807204931328143,0,0.4106159223311566,0.5893840776688435,1
-1.2572430217035448,-2.3317032493686254,-1,1,0.04814173588742831,0.9518582641125717,1,0.8404993394961922,0.15950066050380787,0,0.740953837316694,0.25904616268330594,0,0.3285811136411329,0.6714188863588672,1,0.626309537521848,0.3736904624781519,0,0.4026551734624129,0.5973448265375871,1
-4.428645001968607,-1.4774457341787963,-1,1,0.21386519665678136,0.7861348033432186,1,0.6458680304693565,0.3541319695306436,0,0.5682657594830856,0.43173424051691456,0,0.47402888050814995,0.5259711194918499,1,0.5036353237413834,0.4963646762586165,0,0.5076817228830542,0.49231827711694565,0
-4.660222817667788,0.262779897372118,-1,1,0.07008941904933351,0.9299105809506666,1,0.802543795756377,0.19745620424362306,0,0.7012722021250932,0.2987277978749068,0,0.36509167689280014,0.6349083231071998,1,0.5938934354844728,0.4061065645155272,0,0.43128207007379255,0.5687179299262075,1
-1.5409510371132265,-2.182814396345752,-1,1,0.04748903613388889,0.9525109638661111,1,0.8401723445336188,0.15982765546638117,0,0.7391005214782457,0.2608994785217544,0,0.33133002146956925,0.6686699785304308,1,0.62325802070823,0.37674197929177,0,0.4056907577104605,0.5943092422895395,1
-2.961880629133548,-2.6945890786719517,-1,1,0.19161570446589532,0.8083842955341047,1,0.6672790737043385,0.3327209262956615,0,0.5867939495835477,0.41320605041645225,0,0.45804473016240854,0.5419552698375915,1,0.5175215902734014,0.4824784097265985,0,0.4955047217095275,0.5044952782904726,1
-3.708152484809149,0.7455943946113599,-1,1,0.015405633178471972,0.984594366821528,1,0.9118631618577506,0.08813683814224942,0,0.8169464826213102,0.18305351737868994,0,0.2626046266148118,0.7373953733851882,1,0.6810184764990803,0.31898152350091974,0,0.3570127293879716,0.6429872706120284,1
-3.6684505014925066,0.7368364572253354,-1,1,0.01467297894676458,0.9853270210532354,1,0.9140805672620909,0.08591943273790907,0,0.8196548397902413,0.18034516020975863,0,0.2600937327443344,0.7399062672556657,1,0.683175176214132,0.3168248237858679,0,0.3551752350633403,0.6448247649366596,1
-3.97499377058732,-2.3952280062369,-1,1,0.29926408418783473,0.7007359158121653,1,0.5809457424756033,0.4190542575243967,0,0.5204203764335132,0.4795796235664868,0,0.5107166448763952,0.48928335512360477,0,0.4742396793568732,0.5257603206431267,1,0.5321195345579625,0.46788046544203754,0
-2.900631635743431,0.2294307165633098,-1,1,0.007970953614126638,0.9920290463858733,1,0.9365746073524827,0.06342539264751738,0,0.8476134783526491,0.15238652164735095,0,0.23449096693271146,0.7655090330672886,1,0.704772733361824,0.295227266638176,0,0.3370572666648101,0.6629427333351899,1
-3.734739981104912,-1.4073143391787233,-1,1,0.1135075096851614,0.8864924903148387,1,0.7417384087597652,0.2582615912402349,0,0.6439543954299365,0.3560456045700635,0,0.41456004053998646,0.5854399594600136,1,0.5517369310384603,0.4482630689615397,0,0.46753431106858145,0.5324656889314185,1
-3.853507736555846,-0.9625014537700882,-1,1,0.08438848673263373,0.9156115132673662,1,0.7779684587631837,0.22203154123681623,0,0.6752118856497934,0.32478811435020655,0,0.38919039591068966,0.6108096040893103,1,0.5725063411747698,0.4274936588252301,0,0.45012383008174167,0.5498761699182583,1
-5.842862140589787,-1.9731704350576824,-1,0,0.6220890415324246,0.37791095846757533,0,0.37804585679153746,0.6219541432084625,1,0.3766715455856187,0.6233284544143812,1,0.6207312447201617,0.37926875527983833,0,0.3854026415535909,0.6145973584464091,1,0.6066369787857115,0.39336302121428846,0
-2.199630943388869,-0.6856543047945712,-1,1,0.011411954981026921,0.9885880450189731,1,0.9229448966960143,0.07705510330398578,0,0.828775810534618,0.17122418946538195,0,0.25296488070940165,0.7470351192905984,1,0.6884869108531707,0.31151308914682935,0,0.351107703751015,0.648892296248985,1
-1.95582241121584,-0.2893973887549064,-1,1,0.004848560910390249,0.9951514390896097,1,0.9515615814524508,0.04843841854754915,0,0.8706566114227207,0.1293433885772793,0,0.21028234613014307,0.7897176538698569,1,0.72709137254669,0.27290862745330996,0,0.3172256927552697,0.6827743072447303,1
-4.206547218278098,-1.9931324607170615,-1,1,0.26465860658510937,0.7353413934148907,1,0.6057359142282476,0.39426408577175254,0,0.5382044871615463,0.46179551283845366,0,0.49729833586280875,0.5027016641371913,1,0.4848803014674446,0.5151196985325555,1,0.5233319782126287,0.47666802178737133,0
-2.799451443182553,-1.1017026402268932,-1,1,0.03491455448414751,0.9650854455158525,1,0.8594706339232605,0.14052936607673963,0,0.7535463866880352,0.24645361331196483,0,0.32275802353327687,0.6772419764667231,1,0.6279357391007189,0.3720642608992812,0,0.40324121339814056,0.5967587866018594,1
-2.130885861968821,0.6277089058637177,-1,1,0.0013296662480200313,0.9986703337519799,1,0.9758213640431892,0.024178635956810815,0,0.9146245680607221,0.08537543193927781,0,0.16070831316696044,0.8392916868330395,1,0.7740552291506755,0.22594477084932457,0,0.275100579902457,0.7248994200975429,1
-2.7889968891691383,-1.7985753476268378,-1,1,0.07431070674688045,0.9256892932531195,1,0.7928923505803911,0.2071076494196089,0,0.6896262393350611,0.310373760664939,0,0.3764877880335626,0.6235122119664374,1,0.5835179917211158,0.41648200827888426,0,0.4405311849315553,0.5594688150684447,1
-2.5581564608666376,-1.4431098915475813,-1,1,0.041682393171967466,0.9583176068280326,1,0.8464981882244154,0.15350181177558456,0,0.7408783169209064,0.25912168307909356,0,0.33321543239822415,0.6667845676017758,1,0.6194991811534714,0.38050081884652875,0,0.41017592624656235,0.5898240737534376,1
-0.7334450592252737,-2.3831577345088606,-1,1,0.04055881721453949,0.9594411827854604,1,0.8568384552402872,0.14316154475971268,0,0.7601704353588903,0.2398295646411097,0,0.30977378474170475,0.6902262152582953,1,0.6435589237811272,0.35644107621887267,0,0.3871536879239593,0.6128463120760407,1
-2.8412384930673964,-0.9778566630284288,-1,1,0.031494205904775356,0.9685057940952245,1,0.866789595815801,0.13321040418419905,0,0.7612121349077945,0.2387878650922055,0,0.31610724830748266,0.6838927516925173,1,0.6334946575124145,0.3665053424875854,0,0.3985577503159184,0.6014422496840817,1
-3.069044570048878,0.6818598665853035,-1,1,0.006275563551607417,0.9937244364483926,1,0.9451927546984014,0.05480724530159864,0,0.8616768921974584,0.13832310780254162,0,0.21909808361663663,0.7809019163833634,1,0.7193279133958224,0.2806720866041777,0,0.3239272629016939,0.6760727370983061,1
-1.928405325576209,-2.359624720898813,-1,1,0.07207545853084625,0.9279245414691537,1,0.7998008255155882,0.20019917448441196,0,0.6994111361653723,0.30058886383462774,0,0.36585463705715526,0.6341453629428447,1,0.5938788380112943,0.40612116198870574,0,0.43087757996739784,0.5691224200326022,1
-3.473243588354969,-0.658907095704336,-1,1,0.042771781514249846,0.9572282184857502,1,0.8435899369354114,0.15641006306458854,0,0.7369321028098624,0.26306789719013746,0,0.33745351392075895,0.6625464860792412,1,0.6153865456788478,0.3846134543211523,0,0.4140020921696616,0.5859979078303384,1
-3.305510614671355,-1.9054078485628745,-1,1,0.12472527413340544,0.8752747258665945,1,0.7297993094599481,0.270200690540052,0,0.6346317663430253,0.36536823365697463,0,0.42157535370098403,0.5784246462990159,1,0.5463094993580785,0.4536905006419214,0,0.4719031608642892,0.5280968391357107,1
-2.041821819063841,-1.405641284469148,-1,1,0.02616244992376933,0.9738375500762306,1,0.8810150965876967,0.11898490341230324,0,0.7789499755622574,0.22105002443774252,0,0.29860940014597326,0.7013905998540267,1,0.6494562746836302,0.3505437253163698,0,0.38431262279770284,0.6156873772022972,1
-1.5666652052492365,-2.1886187196398685,-1,1,0.04849233456035532,0.9515076654396446,1,0.838301251949109,0.16169874805089102,0,0.7371425606244377,0.2628574393755622,0,0.33309226716277085,0.6669077328372292,1,0.6217289088011243,0.3782710911988757,0,0.4070168599822138,0.5929831400177862,1
-1.863568649571649,-1.7135083644176308,-1,1,0.033653599521990464,0.9663464004780096,1,0.8650056437961785,0.13499435620382153,0,0.7625473098756593,0.2374526901243408,0,0.31243463931179755,0.6875653606882024,1,0.6382076718101609,0.36179232818983914,0,0.3935892342849856,0.6064107657150143,1
-3.066332148000384,-0.3159523566074178,-1,1,0.018661092474367164,0.9813389075256328,1,0.8991607897566924,0.1008392102433076,0,0.7979575212810971,0.20204247871890288,0,0.28290601115047165,0.7170939888495282,1,0.6618433048843264,0.3381566951156737,0,0.37438915773955045,0.6256108422604495,1
-2.253372456979535,-0.5277098080366487,-1,1,0.00963190596986142,0.9903680940301385,1,0.9295313943887207,0.07046860561127935,0,0.8375298738391561,0.16247012616084383,0,0.2445465879749675,0.7554534120250325,1,0.6958407063829581,0.30415929361704186,0,0.34478906595579095,0.655210934044209,1
-4.755988680198199,0.2770413995917946,-1,1,0.07666320241592224,0.9233367975840778,1,0.7934443482847633,0.20655565171523668,0,0.6932244546201705,0.3067755453798296,0,0.3716085079618033,0.6283914920381967,1,0.5886079432856445,0.4113920567143556,0,0.43567228748051173,0.5643277125194882,1
-3.3481871943345025,0.5954790883397634,-1,1,0.010441764639336396,0.9895582353606637,1,0.927819873749722,0.0721801262502781,0,0.836753895618504,0.16324610438149612,0,0.24424789814740885,0.7557521018525911,1,0.6967088770228786,0.30329112297712135,0,0.34371049541573157,0.6562895045842684,1
-2.476146585787461,0.8451819431995136,-1,1,0.0018574427274961572,0.9981425572725038,1,0.971528473711402,0.028471526288597934,0,0.9065429719353064,0.09345702806469355,0,0.16984953490754826,0.8301504650924518,1,0.7654506090442095,0.2345493909557906,0,0.28276419051455043,0.7172358094854495,1
-3.2295300337953567,-0.8557003532197148,-1,1,0.04068404901023454,0.9593159509897655,1,0.8474488065043827,0.15255119349561735,0,0.740722371643722,0.25927762835627793,0,0.3342385200321315,0.6657614799678684,1,0.6180604802248005,0.38193951977519947,0,0.4117461094896533,0.5882538905103466,1
