solar_power,solar_seas_ind,wind_power,wind_std,offshore_wind_potential,hydro_potential,geothermal_potential,evi,res_area,mu_1.5_0,mu_1.5_1,cluster_hard_1.5,mu_1.8_0,mu_1.8_1,cluster_hard_1.8,mu_2.1_0,mu_2.1_1,cluster_hard_2.1,mu_2.4_0,mu_2.4_1,cluster_hard_2.4,mu_2.7_0,mu_2.7_1,cluster_hard_2.7,mu_3.0_0,mu_3.0_1,cluster_hard_3.0,st_0.4_const_ass,st_0.6_const_ass,st_0.8_const_ass,st_1_const_ass,st_0.4_thr_0.5,st_0.6_thr_0.5,st_0.8_thr_0.5,st_1_thr_0.5,fuz_1.5_entropy,fuz_1.5_gap,fuz_1.8_entropy,fuz_1.8_gap,fuz_2.1_entropy,fuz_2.1_gap,fuz_2.4_entropy,fuz_2.4_gap,fuz_2.7_entropy,fuz_2.7_gap,fuz_3.0_entropy,fuz_3.0_gap
-0.2064519280106487,-0.3225483673879019,-0.9509816603330948,-0.966827627825214,0.0153121568638034,0.0,0.0,-1.3193518911407198,0.4928639753505793,0.9627117865102942,0.0372882134897057,0,0.1239415082123082,0.8760584917876917,1,0.7916759690735543,0.2083240309264456,0,0.7251826882047135,0.2748173117952864,0,0.3250848339980536,0.6749151660019463,1,0.6367003253136622,0.3632996746863379,0,1.0,1.0,1.0,1.0,0.9794318181818181,0.9772727272727273,0.9756818181818182,0.9622222222222222,0.22971751047193334,0.9254235730205885,0.5405854738422542,0.7521169835753835,0.7382669493318319,0.5833519381471087,0.8482925590481862,0.45036537640942714,0.9098255518861086,0.34983033200389274,0.9453881237000256,0.27340065062732427
-0.561427857559377,0.9947836409304918,-0.3968057935287523,0.4759578676737702,1.5988351967462735,0.0,3.902869739589307,0.1408326641729972,-0.3109090742408135,0.8493174111604992,0.1506825888395008,0,0.2659557136170053,0.7340442863829947,1,0.6663302494305682,0.3336697505694319,0,0.6245804102258289,0.3754195897741711,0,0.4036026797453513,0.5963973202546486,1,0.5758961846667117,0.4241038153332884,0,1.0,1.0,0.985,0.955,0.9794318181818181,0.9772727272727273,0.9507777777777777,0.9208888888888886,0.6115458507575289,0.6986348223209984,0.835601289048567,0.46808857276598936,0.9186318839711235,0.3326604988611363,0.9547426843751048,0.24916082045165777,0.9730190548573588,0.19279464050929734,0.9833150661105479,0.15179236933342327
0.2544680250084374,-0.4665960840683898,-1.1666176599924154,-0.2105584176856822,0.0,5.883476661228941,0.0,1.190185707465102,-1.5412130676763909,0.0636666683212166,0.9363333316787834,1,0.8236753046523344,0.1763246953476654,0,0.2626320698241388,0.7373679301758612,1,0.3215508772568512,0.6784491227431488,1,0.6370875209964132,0.3629124790035869,0,0.3932428910068883,0.6067571089931116,1,1.0,1.0,1.0,0.995,0.9886874999999999,0.9719999999999999,0.9467500000000001,0.9143037974683543,0.3418314518337573,0.8726666633575668,0.6719704801540608,0.647350609304669,0.8306922845590488,0.47473586035172244,0.9060600125616093,0.3568982454862976,0.9450742388432637,0.2741750419928263,0.9668604444645497,0.21351421798622333
0.4959835036244664,-0.3430133308763509,-1.0776524090976156,0.9182455463848296,0.0,5.397922141803567,2.313208124609893,1.190185707465102,-0.1166286905601835,0.0434752308380725,0.9565247691619274,1,0.8613736690250762,0.1386263309749239,0,0.2223839364312209,0.777616063568779,1,0.2851465175336043,0.7148534824663957,1,0.6681323868750779,0.3318676131249221,0,0.3674202764236627,0.6325797235763373,1,1.0,1.0,1.0,0.995,0.9886874999999999,0.9719999999999999,0.9467500000000001,0.9149367088607593,0.25800515628443543,0.9130495383238549,0.5806299599049144,0.7227473380501522,0.7644966723527357,0.5552321271375581,0.8623688799838283,0.42970696493279137,0.9168231350806711,0.33626477375015584,0.9486706981556243,0.2651594471526746
-0.0240603479654237,0.0894740110591017,-0.5314995714512915,0.446804037942305,4.4977197044056,6.103004279062644,4.690440861833855,1.351653748934749,-0.5508126207123122,0.1396602265629279,0.8603397734370721,1,0.7473345013385345,0.2526654986614654,0,0.3226377922441882,0.6773622077558118,1,0.3680804136233939,0.6319195863766062,1,0.6005947059582672,0.3994052940417326,0,0.4220828846908235,0.5779171153091763,1,1.0,1.0,1.0,1.0,0.9886874999999999,0.9719999999999999,0.9467500000000001,0.9182278481012659,0.583348283508948,0.7206795468741443,0.8154755704305567,0.4946690026770691,0.9072269264177372,0.3547244155116236,0.9491867721472664,0.2638391727532123,0.9706016505800321,0.20118941191653467,0.9824109774916744,0.15583423061835283
-0.0309303799550844,-0.3657849756771563,-1.313397729650663,1.7377488018108478,0.0,6.198437988104871,2.644622694485655,1.351653748934749,-2.0790160213493336,0.0716213967031376,0.9283786032968624,1,0.8206924497489314,0.1793075502510685,0,0.2614966286060849,0.738503371393915,1,0.3193418457609496,0.6806581542390503,1,0.6391885525418032,0.3608114474581969,0,0.3915331389803201,0.6084668610196798,1,1.0,1.0,1.0,1.0,0.9886874999999999,0.9719999999999999,0.9467500000000001,0.9182278481012659,0.37194546090226793,0.8567572065937248,0.6785598782694204,0.6413848994978629,0.8289964180584816,0.47700674278783006,0.9036643029652641,0.3613163084781007,0.9433546906788163,0.2783771050836063,0.9657818131772483,0.21693372203935973
-0.0565402617015599,0.0840478238660525,-0.6416265944376016,-0.9990096401046104,3.834083055207811,6.280597575283069,4.874963716079575,0.9100139218230444,0.1166224768220739,0.1399586568713429,0.8600413431286571,1,0.7464136636029151,0.253586336397085,0,0.3235563714251785,0.6764436285748215,1,0.3688270114150332,0.6311729885849668,1,0.6000171537423632,0.3999828462576369,0,0.4225263966509887,0.5774736033490113,1,1.0,1.0,1.0,1.0,0.9886874999999999,0.9719999999999999,0.9467500000000001,0.9182278481012659,0.5841305274723898,0.7200826862573142,0.8169130078114961,0.49282732720583006,0.9082070334938698,0.35288725714964303,0.9497671811892932,0.26234597716993363,0.9709405592713448,0.20003430748472628,0.9826114559124804,0.15494720669802264
-0.5330994841208716,1.072113966004654,-1.1202171761219222,0.6077230646190462,3.0682031580798728,6.367270449969204,3.985824963916142,0.9100139218230444,-2.0790160213493336,0.07799132387266,0.92200867612734,1,0.8146253428219666,0.1853746571780333,0,0.2664237671895015,0.7335762328104984,1,0.3235554530233659,0.676444546976634,1,0.6355564175053287,0.3644435824946713,0,0.3946099176882198,0.6053900823117803,1,1.0,1.0,1.0,1.0,0.9886874999999999,0.9719999999999999,0.9467500000000001,0.9182278481012659,0.3950616448003086,0.8440173522546801,0.6916946948798658,0.6292506856439333,0.836286029084682,0.46715246562099694,0.9082060563550705,0.3528890939532681,0.9463099861506824,0.27111283501065736,0.96771014353032,0.21078016462356047
0.7315580221789719,-0.3716660397483853,-0.9256558463995692,0.9310907324258156,0.0001793903950924,5.493045825231517,0.0,0.6678281946391341,0.452137250136495,0.0689689120866955,0.9310310879133044,1,0.8131215250970703,0.1868784749029296,0,0.2726265746417688,0.7273734253582311,1,0.3293521275806949,0.670647872419305,1,0.631336113845589,0.3686638861544111,0,0.3974050951931047,0.6025949048068953,1,1.0,1.0,1.0,0.995,0.9886874999999999,0.9719999999999999,0.9467500000000001,0.9149367088607593,0.36206399886388907,0.8620621758266088,0.6948956072828285,0.6262430501941406,0.8452084081721519,0.4547468507164623,0.9142630748498388,0.34129574483861014,0.949640661783793,0.2626722276911779,0.9694124193487396,0.20518980961379057
0.6604700803558611,-0.5666906231220922,-0.7069230756537428,-1.362887577494703,1.6615618998291348,0.0,1.3837324179845891,-0.3656328270804307,0.0188225807230595,0.9855691488264398,0.0144308511735602,0,0.0789960021086397,0.9210039978913602,1,0.8383827574268492,0.1616172425731509,0,0.7656880234520959,0.2343119765479041,0,0.2921374720125565,0.7078625279874435,1,0.6627800065702193,0.3372199934297806,0,1.0,1.0,1.0,0.995,0.9794318181818181,0.9772727272727273,0.9756818181818182,0.9575555555555555,0.1089086920090076,0.9711382976528795,0.3986316240097302,0.8420079957827206,0.6381645126203731,0.6767655148536983,0.785452643618138,0.5313760469041917,0.8714663771967944,0.415725055974887,0.9221335531599169,0.3255600131404387
-0.85110552589788,2.0807013027302603,-0.3961066402520745,-0.1433499060771251,3.4492673730601413,5.803784355413415,0.0,-0.3784333102954395,0.6289666952811658,0.0822045005921146,0.9177954994078852,1,0.7976611537733563,0.2023388462266437,0,0.2867662526864774,0.7132337473135226,1,0.3420077274457125,0.6579922725542874,1,0.6202287792989455,0.3797712207010545,0,0.4069441026523939,0.5930558973476061,1,1.0,1.0,1.0,1.0,0.9886874999999999,0.9719999999999999,0.9467500000000001,0.9182278481012659,0.4098996478999965,0.8355909988157706,0.726581197007309,0.5953223075467127,0.8645072846193294,0.42646749462704525,0.926727016672977,0.3159845451085749,0.9578802822790036,0.24045755859789097,0.9748679756136236,0.18611179469521222
-0.3350338404022348,0.4331975394881513,-0.4643954290990202,-0.2837428046201833,2.8977871896692533,5.799791585939497,0.0,0.6176649099398216,-2.0790160213493336,0.0484924200022118,0.951507579997788,1,0.8483361968180051,0.151663803181995,0,0.2397869958855782,0.7602130041144217,1,0.3030989229910188,0.6969010770089812,1,0.6515340515436423,0.3484659484563577,0,0.3819641666300768,0.6180358333699231,1,1.0,1.0,1.0,1.0,0.9886874999999999,0.9719999999999999,0.9467500000000001,0.9182278481012659,0.27995801756044136,0.9030151599955762,0.613988358481225,0.6966723936360101,0.7946858815251864,0.5204260082288436,0.8850460763670996,0.39380215401796237,0.9326905504226198,0.3030681030872846,0.9594174475969234,0.23607166673984625
0.1009909182084428,-0.3279087219105646,-1.4361150736656256,1.010673626665348,0.0,6.049327116834366,0.0,1.2090379941292873,-1.4431265853664792,0.0621647964648142,0.9378352035351858,1,0.827065350813956,0.1729346491860439,0,0.2591028489267035,0.7408971510732965,1,0.3185907436057475,0.6814092563942525,1,0.6394086786597721,0.3605913213402278,0,0.3914628147830989,0.608537185216901,1,1.0,1.0,1.0,1.0,0.9886874999999999,0.9719999999999999,0.9467500000000001,0.9182278481012659,0.3359790774794998,0.8756704070703716,0.6643741850672414,0.6541307016279121,0.825389539357942,0.48179430214659297,0.9028423549924752,0.362818512788505,0.943172935839676,0.2788173573195443,0.9657370688998365,0.21707437043380212
0.7431810383313487,0.2326030073959346,-0.2944517089842,-0.0118266954673266,2.426872241005833,5.710069119949546,4.262626848728777,-0.390984595707295,0.4728087197412025,0.0904548821590371,0.9095451178409628,1,0.7985617495747978,0.2014382504252022,0,0.2795707968989309,0.7204292031010692,1,0.3331835098106787,0.6668164901893212,1,0.6286912795182356,0.3713087204817644,0,0.3994818957007537,0.6005181042992462,1,1.0,1.0,1.0,1.0,0.9886874999999999,0.9719999999999999,0.9467500000000001,0.9182278481012659,0.437986334706896,0.8190902356819257,0.7247952864754417,0.5971234991495955,0.8548653319046227,0.4408584062021383,0.9181459376588088,0.33363298037864253,0.9516716653510527,0.25738255903647117,0.9706467159456214,0.20103620859849253
0.0002874309524127,0.3786397822718084,-0.0992416256028174,0.0796568236963349,3.5557445012765587,5.476027624872034,0.0,-0.4294964885754682,-2.0790160213493336,0.0752455055336157,0.9247544944663842,1,0.8086131558390338,0.1913868441609662,0,0.2762146741828052,0.7237853258171948,1,0.3330199662869123,0.6669800337130877,1,0.6276132577122971,0.3723867422877029,0,0.4009551975125549,0.599044802487445,1,1.0,1.0,1.0,0.995,0.9886874999999999,0.9719999999999999,0.9467500000000001,0.9146835443037974,0.3852007506084461,0.8495089889327685,0.7043636321871883,0.6172263116780676,0.8502416267950146,0.4475706516343896,0.9179821481952862,0.3339600674261754,0.9524870839329995,0.25522651542459424,0.9715066075733141,0.1980896049748901
-1.0164699556583727,1.2897561179511254,-0.6772590392626852,0.3692115557618488,2.7283539434281496,5.797666252944979,2.961284149914645,-0.0448448910697756,-2.0790160213493336,0.0454509306642883,0.9545490693357116,1,0.8609031944885858,0.1390968055114141,0,0.2234050619431614,0.7765949380568385,1,0.2876492810108567,0.7123507189891433,1,0.664601587033355,0.3353984129666449,0,0.3713453298236417,0.6286546701763582,1,1.0,1.0,1.0,1.0,0.9886874999999999,0.9719999999999999,0.9467500000000001,0.9182278481012659,0.2667491102766707,0.9090981386714233,0.5818685304536405,0.7218063889771716,0.7663364858760057,0.5531898761136771,0.8656652767749298,0.4247014379782866,0.9203470848979797,0.3292031740667101,0.9516994745184095,0.2573093403527165
0.891545115880868,-0.2312576352540773,-0.8420218648293112,0.7632703785156777,0.0,4.795644981332722,0.0,0.2533525945250002,-1.1603269413241686,0.0677136165503647,0.9322863834496352,1,0.8142164740849519,0.1857835259150481,0,0.2714186310809701,0.7285813689190298,1,0.3278607824644263,0.6721392175355737,1,0.6330188199691157,0.3669811800308842,0,0.3956630443047495,0.6043369556952505,1,1.0,1.0,0.995,0.98,0.9886874999999999,0.9719999999999999,0.9420624999999999,0.9018987341772152,0.3573327988683498,0.8645727668992705,0.6925671147448222,0.6284329481699038,0.8434929252070135,0.4571627378380597,0.9127257981119238,0.3442784350711474,0.9483259288553691,0.2660376399382315,0.9683570358702581,0.20867391139050095
-0.0392382150473021,0.4301940162312178,0.357569386840576,-0.0880253514241279,3.216446862830124,4.829395259127184,2.927698993455545,-0.0544762770820757,0.0987717374259526,0.0554081455462342,0.9445918544537658,1,0.8432482223051124,0.1567517776948876,0,0.2393234759023629,0.7606765240976371,1,0.2993371477658392,0.7006628522341608,1,0.6567108231587291,0.343289176841271,0,0.3763871056185899,0.6236128943814101,1,1.0,1.0,1.0,0.995,0.9886874999999999,0.9719999999999999,0.9467500000000001,0.9135443037974684,0.3089405972220696,0.8891837089075316,0.6264818335505988,0.6864964446102249,0.7939134322794683,0.5213530481952742,0.8804791238028409,0.4013257044683216,0.9279314978153385,0.31342164631745806,0.955450333168093,0.2472257887628202
-1.2064084351691649,2.72102129955394,-0.56625152673086,0.8706041595685218,2.4252034882069986,5.733305253853134,0.0,-0.5856364253653767,-0.1996944601699271,0.0662798686076291,0.933720131392371,1,0.8197986679167478,0.1802013320832521,0,0.2669177829390409,0.733082217060959,1,0.3258232581044341,0.6741767418955659,1,0.633151090978328,0.366848909021672,0,0.396669591791329,0.6033304082086711,1,1.0,1.0,1.0,1.0,0.9886874999999999,0.9719999999999999,0.9467500000000001,0.9182278481012659,0.35188491992743226,0.8674402627847418,0.680517287185078,0.6395973358334958,0.8370069964048714,0.4661644341219181,0.910601977599903,0.3483534837911318,0.9482218377803272,0.266302181956656,0.9689690622642069,0.20666081641734213
-0.0106645527885043,-0.2649730601514773,-0.6583679599535971,1.2550926115896206,0.0,5.074762262426644,2.2917787482999152,1.0280569017956955,0.0442012818273713,0.0387903719874051,0.9612096280125948,1,0.869482373898184,0.1305176261018159,0,0.2136922544276376,0.7863077455723625,1,0.2769293043436022,0.7230706956563978,1,0.6755145958015393,0.3244854041984607,0,0.3609712352193817,0.6390287647806182,1,1.0,1.0,1.0,0.995,0.9886874999999999,0.9719999999999999,0.9467500000000001,0.9137974683544302,0.23671833403634368,0.9224192560251897,0.5588560695993938,0.7389647477963681,0.7484813251343111,0.5726154911447249,0.8512329580036281,0.4461413913127956,0.9091926371443226,0.35102919160307855,0.943486435162423,0.2780575295612365
0.4241603436809736,-0.0097096060287694,-0.0052186789543774,-0.4775925023075582,3.3721220980292745,0.0,2.217260566027164,0.0987632626523418,0.3617321768027012,0.9458068805688504,0.0541931194311495,0,0.1563167312314796,0.8436832687685203,1,0.7591683383783232,0.2408316616216769,0,0.6983873183640398,0.3016126816359602,0,0.3457580507750356,0.6542419492249645,1,0.621088107549009,0.378911892450991,0,1.0,1.0,1.0,0.99,0.9794318181818181,0.9772727272727273,0.9756818181818182,0.9535555555555556,0.3039488037763269,0.891613761137701,0.6254247352356053,0.6873665375370407,0.7964205703676356,0.5183366767566463,0.8832533046342252,0.39677463672807955,0.9302224725259567,0.3084838984499289,0.9572698994298403,0.242176215098018
-1.1141539051195828,2.256298903334037,-0.923819935311746,0.8850214824021568,1.711282518273279,5.679592633453511,2.6495486551257343,-0.533126982921414,-2.0790160213493336,0.0508770489561737,0.9491229510438264,1,0.8508881975387325,0.1491118024612675,0,0.2337394030994196,0.7662605969005803,1,0.2965972324995449,0.7034027675004549,1,0.6572981272711348,0.3427018727288652,0,0.3771825118982467,0.6228174881017533,1,1.0,1.0,1.0,1.0,0.9886874999999999,0.9719999999999999,0.9467500000000001,0.9182278481012659,0.2901109801484175,0.8982459020876526,0.6076131195197525,0.7017763950774649,0.7844731826293037,0.5325211938011607,0.877091522313536,0.40680553500091005,0.9273807747778139,0.3145962545422696,0.9560277899908545,0.2456349762035066
-0.4691752725312774,2.7287865870763937,0.8027844945532441,0.3668920426755701,3.342106695991744,5.009252590998981,0.0,-0.9534585335108634,-0.6902871315778947,0.1129946873229513,0.8870053126770487,1,0.7612168580902223,0.2387831419097777,0,0.317374012728581,0.6826259872714189,1,0.3662386721269126,0.6337613278730874,1,0.6011655617175664,0.3988344382824336,0,0.4219774445216165,0.5780225554783834,1,1.0,1.0,1.0,0.99,0.9886874999999999,0.9719999999999999,0.9467500000000001,0.9092405063291137,0.5088832781341137,0.7740106253540975,0.7930108241808425,0.5224337161804447,0.901502901125568,0.36525197454283787,0.9477402025536144,0.2675226557461748,0.9702646999981449,0.20233112343513282,0.9823631447611436,0.15604511095676693
-1.202767787180936,2.4320701453368763,-0.5672973155249958,0.4403059521539099,2.716863552742631,5.767466097233156,2.414433278215685,-0.7129111423521299,-2.0790160213493336,0.0622055377637142,0.9377944622362858,1,0.8329187355275357,0.1670812644724642,0,0.2513810984224681,0.7486189015775319,1,0.3117613925097603,0.6882386074902396,1,0.6448275960127248,0.3551724039872752,0,0.387262403639711,0.612737596360289,1,1.0,1.0,1.0,1.0,0.9886874999999999,0.9719999999999999,0.9467500000000001,0.9182278481012659,0.33613856584196355,0.8755889244725716,0.6509841957778452,0.6658374710550715,0.813459784395031,0.4972378031550638,0.8951962314419928,0.37647721498047926,0.9386028115791063,0.2896551920254496,0.9630101378926134,0.22547519272057803
0.5814862157678246,-0.0203444774698105,-0.4739494568267866,0.9014334573593682,0.3802629263918253,4.652651417144017,3.744584895554424,-0.3077409425842399,0.182870453364373,0.0886957837394003,0.9113042162605997,1,0.80007598127552,0.19992401872448,0,0.2767913693107049,0.7232086306892951,1,0.3293383256802589,0.6706616743197411,1,0.6330021149637585,0.3669978850362415,0,0.3951577498867996,0.6048422501132004,1,1.0,1.0,1.0,0.975,0.9886874999999999,0.9719999999999999,0.9467500000000001,0.8988607594936707,0.43210146585274006,0.8226084325211993,0.7217761063031488,0.6001519625510401,0.8510419019917412,0.44641726137859017,0.9142489145185407,0.3413233486394822,0.9483390671824162,0.266004229927517,0.9680474897716431,0.20968450022640078
0.4381307846492205,-0.3548385003071862,0.1199017950672415,0.6384462332783155,0.3068396433803194,4.954213803021572,1.8349638394516872,1.1301057802417522,-0.1072685101901154,0.0248929400174886,0.9751070599825116,1,0.8961473851946195,0.1038526148053806,0,0.1851809293209827,0.8148190706790173,1,0.2504645296756616,0.7495354703243384,1,0.6988822835791944,0.3011177164208056,0,0.3408676342837911,0.6591323657162089,1,1.0,1.0,1.0,0.975,0.9886874999999999,0.9719999999999999,0.9467500000000001,0.8974683544303796,0.16809473675311512,0.9502141199650229,0.48109046228121793,0.7922947703892389,0.6912807723915861,0.6296381413580345,0.8120135567390189,0.49907094064867685,0.8826528990512985,0.39776456715838876,0.9256465524632387,0.31826473143241785
-0.4577316305822859,2.0238196538308117,0.0001259348343305,-0.0501083305411067,3.027081386117135,0.0,0.0,-0.0646507550280312,-2.0790160213493336,0.8324339395556906,0.1675660604443094,0,0.2680874817955523,0.7319125182044476,1,0.6704233394964827,0.3295766605035173,0,0.6299158641208985,0.3700841358791015,0,0.3986573671344391,0.6013426328655609,1,0.5800656047197474,0.4199343952802526,0,1.0,1.0,0.99,0.98,0.9794318181818181,0.9772727272727273,0.9563333333333334,0.9448888888888888,0.6521065541214933,0.6648678791113811,0.8387068863962189,0.4638250364088953,0.9144932640725012,0.3408466789929654,0.9507366725412258,0.259831728241797,0.9701597844341776,0.20268526573112178,0.9814233325574955,0.16013120943949483
-1.0999982548835032,1.5780901824046103,-1.025040320908384,0.1277191287604684,1.1800712550365955,5.738229486773922,0.0,-0.3201119052676057,-2.0790160213493336,0.0454767655947678,0.9545232344052322,1,0.8529320230658624,0.1470679769341377,0,0.2355280672199069,0.7644719327800931,1,0.2995565980389132,0.7004434019610868,1,0.6543963947985119,0.3456036052014882,0,0.3796764741127234,0.6203235258872766,1,1.0,1.0,1.0,0.995,0.9886874999999999,0.9719999999999999,0.9467500000000001,0.9148101265822782,0.26686257750194187,0.9090464688104645,0.6024540150743338,0.7058640461317247,0.7875241839707042,0.5289438655601861,0.8807482125037781,0.4008868039221736,0.9300802970415761,0.30879278959702366,0.9578132054790288,0.24064705177455314
-0.9912153645026988,1.4201574009749658,-0.921654613229121,0.6408750089361465,1.5911987040621025,5.496767474928272,2.284193197485831,-0.2588895859191713,-2.0790160213493336,0.0274651510615199,0.97253484893848,1,0.8940364346589396,0.1059635653410604,0,0.1889281635895554,0.8110718364104446,1,0.2571629942607252,0.7428370057392747,1,0.690068692435104,0.309931307564896,0,0.350564811801388,0.649435188198612,1,1.0,1.0,1.0,1.0,0.9886874999999999,0.9719999999999999,0.9467500000000001,0.9182278481012659,0.18151589726444917,0.94506969787696,0.48761949274890826,0.7880728693178791,0.6992238686974602,0.6221436728208891,0.822435044576082,0.4856740114785495,0.8930941488500568,0.38013738487020804,0.9345714689447379,0.298870376397224
-1.0575849003227813,1.776493975305468,0.1987327936188542,0.3331084237014401,2.852100901249755,5.428370939980714,0.0,-0.5851843493032057,-0.0774958745677845,0.0531240531556904,0.9468759468443096,1,0.8375696074300465,0.1624303925699534,0,0.2512195178823346,0.7487804821176653,1,0.31286911556331,0.68713088443669,1,0.6437540718944901,0.35624592810551,0,0.3879887527584569,0.6120112472415431,1,1.0,1.0,1.0,0.995,0.9886874999999999,0.9719999999999999,0.9467500000000001,0.9143037974683543,0.2995223310177987,0.8937518936886193,0.6400922512137172,0.6751392148600931,0.8132052991254554,0.49756096423533075,0.896457645430714,0.37426176887338003,0.9395228370999948,0.2875081437889801,0.9634893469982676,0.2240224944830862
-0.5498245077353234,2.2989459339715523,0.1427575814953189,-0.3187805718396553,2.5617595403852835,4.504945795297129,1.639752495933465,-0.000779091145396,-1.4391808516558786,0.0428174572533489,0.957182542746651,1,0.8601394319835373,0.1398605680164627,0,0.2256360307517594,0.7743639692482406,1,0.2890886774047312,0.7109113225952688,1,0.6644191268574157,0.3355808731425843,0,0.3704939063408699,0.6295060936591301,1,1.0,1.0,1.0,0.995,0.9886874999999999,0.9719999999999999,0.9467500000000001,0.9144303797468354,0.25506424926519206,0.9143650854933021,0.5838735353371877,0.7202788639670745,0.7703260080847079,0.5487279384964812,0.8675411192784732,0.4218226451905376,0.9205269949136212,0.3288382537148314,0.9510505723246981,0.2590121873182602
-1.1682853657718253,1.8923323908394016,0.3773427616289292,0.103059319834062,2.6978206975957306,5.006166512541617,0.0,-0.0701730219694998,0.4109868798506504,0.0642253895525124,0.9357746104474876,1,0.818527814240106,0.181472185759894,0,0.2694226113384653,0.7305773886615347,1,0.3279454124722162,0.6720545875277837,1,0.6317384692996896,0.3682615307003104,0,0.3974573915288116,0.6025426084711882,1,1.0,1.0,1.0,1.0,0.9886874999999999,0.9719999999999999,0.9467500000000001,0.9182278481012659,0.34399463584409,0.8715492208949751,0.6832870693555496,0.637055628480212,0.8406348991727973,0.46115477732306936,0.9128134239989745,0.3441091750555675,0.94932789102918,0.26347693859937915,0.9694438191449214,0.20508521694237664
0.8582221433888206,-0.3313894567205717,-0.3289670002994208,-0.7230130852563009,1.0505188583926326,0.0,0.0,-0.8373202590660737,0.5055859353550947,0.9914083062027,0.0085916937972999,0,0.058325661108549,0.941674338891451,1,0.8648596604537309,0.135140339546269,0,0.7897106496156616,0.2102893503843383,0,0.2730076081414381,0.7269923918585618,1,0.6772656850757781,0.3227343149242218,0,1.0,1.0,1.0,1.0,0.9794318181818181,0.9772727272727273,0.9756818181818182,0.9622222222222222,0.07130522754805406,0.9828166124054002,0.32076224748355964,0.883348677782902,0.5713689120451368,0.7297193209074618,0.7420354586612659,0.5794212992313234,0.8457473359959921,0.4539847837171237,0.9073301760992599,0.35453137015155634
0.6759688759823507,-0.4754196279961049,0.1042143879823851,-1.3174521212460075,1.5067008468979188,0.0,0.0,0.0706588844545397,0.2571792075102093,0.9883814339833368,0.0116185660166631,0,0.0667538460466251,0.9332461539533748,1,0.8553475906115536,0.1446524093884464,0,0.7815743844568114,0.2184256155431886,0,0.2793465825297182,0.7206534174702818,1,0.6724755029105817,0.3275244970894183,0,1.0,1.0,1.0,0.995,0.9794318181818181,0.9772727272727273,0.9756818181818182,0.958222222222222,0.09134174480164818,0.9767628679666737,0.35369116978528375,0.8664923079067497,0.5962945544910871,0.7106951812231073,0.7572822857643617,0.5631487689136228,0.8545589550446884,0.44130683494056355,0.9123771449265805,0.3449510058211634
-0.1018862764308834,-0.0917050761495695,-0.0898730173903562,0.2959865617481111,2.730404234466825,5.381611010302692,1.80734090083978,0.4362543561113297,-1.488864197482166,0.0172730476489568,0.9827269523510432,1,0.918071305747928,0.0819286942520719,0,0.1605102495933021,0.8394897504066977,1,0.230015517290529,0.7699844827094711,1,0.7139290116014809,0.2860709883985191,0,0.3303904010225292,0.6696095989774709,1,1.0,1.0,1.0,0.995,0.9886874999999999,0.9719999999999999,0.9467500000000001,0.9148101265822784,0.12584272543647193,0.9654539047020865,0.4089388701385056,0.836142611495856,0.6355288374627882,0.6789795008133956,0.7780383526852562,0.5399689654189421,0.8635916542441877,0.42785802320296185,0.915324746423411,0.33921919795494165
-0.741680130087359,0.3379423861019677,0.5035788050220653,-1.2325556374303417,3.124382932553456,4.476299310797671,2.48211870601114,0.092162468657594,-0.0071338177420272,0.0877041055423542,0.9122958944576458,1,0.7953247870373725,0.2046752129626275,0,0.2848204155764415,0.7151795844235584,1,0.3379572310345344,0.6620427689654654,1,0.6250065503382899,0.3749934496617101,0,0.4021029047560397,0.5978970952439604,1,1.0,1.0,0.995,0.975,0.9886874999999999,0.9719999999999999,0.9421875000000002,0.8993670886075947,0.4287596339219595,0.8245917889152916,0.731180546147537,0.590649574074745,0.8619361105835467,0.43035916884711695,0.9228504883087754,0.32408553793093103,0.9544291754160728,0.2500131006765798,0.9721674311387262,0.19579419048792068
0.6609144097078615,0.3494208447122996,-0.1131620225669284,-0.0038662355686846,1.86356104916989,4.720137252201095,3.911225787156882,-0.2368296345405871,0.2693376012917275,0.0789658052666998,0.9210341947333004,1,0.8127700702368053,0.1872299297631947,0,0.2656322674752236,0.7343677325247764,1,0.3203740282890621,0.6796259717109379,1,0.6400780471297864,0.3599219528702135,0,0.3895626112071449,0.6104373887928551,1,1.0,1.0,0.99,0.965,0.9886874999999999,0.9719999999999999,0.9375,0.8894936708860759,0.39852461681080875,0.8420683894666006,0.6956405872004996,0.6255401404736105,0.83512715694585,0.46873546504955277,0.9047877359217669,0.3592519434218758,0.9426183852097503,0.28015609425957294,0.9645167059986676,0.22087477758571022
1.1445379501515849,-0.3623639478892527,0.4143429421121875,-0.5643431858546711,1.823654874102138,0.0,0.0,-1.62014815300507,0.6169927296477082,0.978079377228906,0.0219206227710939,0,0.0959096379908434,0.9040903620091566,1,0.8194997795000744,0.1805002204999256,0,0.7482538057357867,0.2517461942642133,0,0.307122348664329,0.692877651335671,1,0.6503582732694589,0.349641726730541,0,1.0,1.0,1.0,0.995,0.9794318181818181,0.9772727272727273,0.9756818181818182,0.9579999999999999,0.1520925855051157,0.9561587544578122,0.45589369401825297,0.8081807240183132,0.6811701196089586,0.6389995590001487,0.8140340641979605,0.4965076114715734,0.8898237304630388,0.385755302671342,0.9337476799009591,0.30071654653891794
0.0516710084768898,-0.5027288099958004,-1.0434663371693336,2.6791392004406718,0.0,4.984005185105717,3.9718605765770767,1.3589114650875742,-1.2821972491247284,0.1400638168167892,0.8599361831832107,1,0.7466412946103281,0.2533587053896718,0,0.3223891313396399,0.67761086866036,1,0.3671089530613325,0.6328910469386675,1,0.6018920233034861,0.3981079766965139,0,0.4207254840138721,0.5792745159861279,1,1.0,1.0,1.0,0.995,0.9886874999999999,0.9719999999999999,0.9467500000000001,0.9148101265822786,0.5844059177321351,0.7198723663664215,0.8165582753761473,0.4932825892206563,0.9069606521333626,0.3552217373207201,0.9484263770581041,0.265782093877335,0.96983306672712,0.20378404660697225,0.9817901681973392,0.15854903197225578
0.9656664267626744,-0.3136804806605319,-0.1177685957015485,-0.2022728751385895,1.2810750021328687,0.0,2.3050493370962144,-1.0499226055155109,0.6109040736761218,0.9829890543176112,0.0170109456823885,0,0.0898517262541292,0.9101482737458708,1,0.8234561051382162,0.1765438948617838,0,0.7513974511375715,0.2486025488624284,0,0.3040957116757358,0.6959042883242642,1,0.6533057753352753,0.3466942246647246,0,1.0,1.0,1.0,0.995,0.9794318181818181,0.9772727272727273,0.9756818181818182,0.9575555555555555,0.12431168563428477,0.9659781086352227,0.4359747048933863,0.8202965474917416,0.6724577064933254,0.6469122102764324,0.8090556943891065,0.5027949022751431,0.8862399932142818,0.3918085766485284,0.9310810164177726,0.30661155067055074
1.1044134536487604,-0.4888534124367066,-0.7931950584260946,-0.3038569112989521,0.0,0.0,0.0,-1.6076655842934602,0.63628815895086,0.9627971988962498,0.0372028011037502,0,0.1258293124645902,0.8741706875354098,1,0.7883689137953829,0.2116310862046171,0,0.7214983912447201,0.2785016087552799,0,0.328592480896947,0.6714075191030531,1,0.6335901587194864,0.3664098412805137,0,1.0,1.0,1.0,1.0,0.9794318181818181,0.9772727272727273,0.9756818181818182,0.9622222222222222,0.22931675299905285,0.9255943977924996,0.54588809030148,0.7483413750708197,0.7445889554517046,0.5767378275907658,0.853401105199439,0.44299678248944024,0.9134818493187623,0.3428150382061061,0.9478755329201344,0.26718031743897275
0.4429272076250461,-0.4170229553525197,-0.4472458498666981,-1.237722344107823,1.197777694549015,0.0,0.0,0.776690479985658,0.031293729927497,0.9809662868661154,0.0190337131338845,0,0.0848706557162767,0.9151293442837234,1,0.8351738822396597,0.1648261177603402,0,0.7642390188897898,0.2357609811102101,0,0.2928433044478787,0.7071566955521212,1,0.6623652319114227,0.3376347680885773,0,1.0,1.0,1.0,1.0,0.9794318181818181,0.9772727272727273,0.9756818181818182,0.9622222222222222,0.1359802027828926,0.961932573732231,0.4191129181385259,0.8302586885674467,0.6457311530237229,0.6703477644793195,0.7879195859600963,0.5284780377795797,0.8723658623992393,0.41431339110424253,0.9225373369563369,0.3247304638228454
0.9184810700514074,0.1166981493082278,0.1179374380161328,-0.4757280932453096,1.041029575574812,4.296837239611922,2.389646717732773,-0.4024118077351286,0.3686282694620214,0.0596202062259155,0.9403797937740844,1,0.831497848535695,0.1685021514643051,0,0.2497973085761887,0.7502026914238112,1,0.3055797649140175,0.6944202350859825,1,0.6542961757172543,0.3457038242827457,0,0.3760609789391652,0.6239390210608349,1,1.0,0.995,0.96,0.905,0.9886874999999999,0.9673125,0.912875,0.8413924050632913,0.32593543127206076,0.880759587548169,0.6542668388506053,0.6629956970713898,0.810956708064695,0.5004053828476225,0.8880049916788614,0.388840470171965,0.9301725714452594,0.3085923514345086,0.955212444650218,0.2478780421216697
-0.4139275856615825,1.7805293310352996,0.3584789258772122,0.0222217438589267,2.7352523653541847,3.68366349250564,0.0,-0.0005893168205106,-0.1093380002141573,0.1250145151608648,0.8749854848391352,1,0.7363484358439584,0.2636515641560416,0,0.3417248256692581,0.6582751743307418,1,0.3865205460399245,0.6134794539600754,1,0.5849308576299571,0.4150691423700429,0,0.4348362506732199,0.56516374932678,1,1.0,1.0,0.96,0.89,0.9886874999999999,0.9719999999999999,0.9142499999999998,0.831012658227848,0.5436051910155182,0.7499709696782704,0.832206791548122,0.4726968716879168,0.9264596890172653,0.3165503486614837,0.9625173859418924,0.22695890792015094,0.9790856985665707,0.16986171525991423,0.9877128045587035,0.13032749865356014
-0.5058970620072308,1.5125880578699094,0.6476903745696134,-0.5891250092408976,1.2110320120853904,3.5143524887481465,2.485251325724989,0.1823822095845379,-2.0790160213493336,0.1124835219382375,0.8875164780617626,1,0.7669774262172286,0.2330225737827713,0,0.3079929144766368,0.6920070855233631,1,0.3558640652419145,0.6441359347580855,1,0.6112293423827901,0.3887706576172098,0,0.4127407819015105,0.5872592180984896,1,1.0,1.0,0.97,0.905,0.9886874999999999,0.9719999999999999,0.920125,0.8415189873417722,0.5073618600071101,0.7750329561235251,0.7832432302221745,0.5339548524344573,0.8908430216610859,0.3840141710467263,0.9391964064317447,0.288271869516171,0.9640016265176373,0.22245868476558034,0.9779172433882324,0.1745184361969791
0.4106424443776533,-0.228833516631623,0.4869417953952031,1.9745301938241904,0.0,4.448553616110227,0.0,1.2492788400734447,-0.5779087003303573,0.1152886730833154,0.8847113269166846,1,0.7550042305137674,0.2449957694862326,0,0.3223691030500866,0.6776308969499134,1,0.369187410901768,0.630812589098232,1,0.5997191981137375,0.4002808018862624,0,0.4225126573689291,0.5774873426310709,1,1.0,1.0,0.995,0.965,0.9886874999999999,0.9719999999999999,0.9425625000000002,0.891645569620253,0.5156649289422697,0.7694226538333693,0.8032498306397762,0.5100084610275348,0.9069391874140199,0.3552617938998268,0.9500461212183218,0.261625178196464,0.9711146160520362,0.1994383962274751,0.9826052628741309,0.1549746852621418
0.0369011636793387,-0.4245454900492323,-0.3176347667445372,1.738571328928172,0.0,3.381076832647746,0.0,0.6119245937713359,0.2194768412200911,0.2639842229857547,0.7360157770142453,1,0.6166640803762247,0.3833359196237754,0,0.4313092494661171,0.5686907505338828,1,0.4546919843784009,0.5453080156215991,1,0.5316324280187366,0.4683675719812634,0,0.47732679433727,0.5226732056627299,1,0.965,0.89,0.835,0.785,0.9560000000000001,0.8721249999999999,0.8073124999999999,0.7492405063291139,0.8326992997144801,0.47203155402849056,0.960364044206578,0.23332816075244928,0.986342367506847,0.13738150106776575,0.9940686913942796,0.09061603124319823,0.9971109193450418,0.06326485603747317,0.9985161864692539,0.04534641132545991
1.2187366296656943,-0.5222651126976939,0.7501407509751533,-0.1623266782640276,2.7465101332890804,3.955156641274097,0.0,-0.2689867335141785,0.4639520578616646,0.2436453459813255,0.7563546540186745,1,0.6325722234466257,0.3674277765533743,0,0.4201024918317179,0.5798975081682821,1,0.4465369864246042,0.5534630135753956,1,0.5378414796874208,0.4621585203125792,0,0.4724232173695503,0.5275767826304497,1,0.995,0.935,0.855,0.785,0.9842500000000001,0.9125625000000002,0.8236874999999999,0.7446835443037975,0.8010499897243829,0.512709308037349,0.9486765767032213,0.2651444468932514,0.9815015906378456,0.15979501633656423,0.9917369195850042,0.10692602715079141,0.9958642325677418,0.0756829593748416,0.9978046077813636,0.05515356526089943
-1.1905893593385588,2.750801556151161,1.3088537927857402,0.432771740835799,1.834321569925479,4.427723554243322,0.0,0.1951801893187675,0.6108453592327412,0.1308423439814238,0.8691576560185763,1,0.7376475096325721,0.2623524903674278,0,0.33794240220202,0.6620575977979799,1,0.3826800251590997,0.6173199748409003,1,0.5882240205074133,0.4117759794925867,0,0.4321674215482719,0.5678325784517281,1,1.0,1.0,0.99,0.96,0.9886874999999999,0.9719999999999999,0.9383750000000001,0.8853164556962025,0.5597437994216778,0.7383153120371525,0.83027560402901,0.4752950192651443,0.922836102390562,0.3241151955959599,0.9599128691398053,0.23463994968180057,0.9774236182441706,0.17644804101482658,0.9866825454554466,0.13566515690345615
-0.4020597129159097,0.4993138911525164,-0.2732044325561375,1.3813975308638655,1.971619684676997,4.886070896263451,3.4099556487018883,0.4778974610213041,-0.0685687893721535,0.0379470161800209,0.9620529838199792,1,0.8755118891171536,0.1244881108828465,0,0.2054695395639184,0.7945304604360817,1,0.2692928147397358,0.7307071852602641,1,0.6817880151460735,0.3182119848539265,0,0.3560083751971836,0.6439916248028165,1,1.0,1.0,0.995,0.99,0.9886874999999999,0.9719999999999999,0.9425625,0.9101265822784808,0.2327988283970569,0.9241059676399582,0.5421256586004928,0.7510237782343071,0.7327332093521692,0.5890609208721633,0.8404480385522213,0.4614143705205283,0.9024264490983741,0.36357603029214697,0.9393198758386515,0.2879832496056329
0.730345193227889,0.3539007202014608,0.1943896284643579,-0.1836953120612799,1.9080720087933776,4.218503406805827,0.0,-0.4725606885098688,0.5431884710762466,0.0947529209281053,0.9052470790718946,1,0.7672752072411962,0.2327247927588038,0,0.3166645034134164,0.6833354965865837,1,0.3659199334660263,0.6340800665339738,1,0.6021777890456931,0.3978222109543068,0,0.4203136386928689,0.5796863613071311,1,1.0,0.985,0.955,0.885,0.9886874999999999,0.9578125,0.9081875,0.8274683544303796,0.45213855460724584,0.8104941581437893,0.7827310716863314,0.5345504144823925,0.9007172794450868,0.36667099317316726,0.9474877149368843,0.26816013306794745,0.9696624059228547,0.20435557809138627,0.981599653874257,0.15937272261426222
0.9811838081499966,-0.3664043342610389,0.8092175754566894,-0.8225464916488623,1.5292577450959566,0.0,0.0,-1.6526437653323518,0.6118828615024282,0.9763763469492382,0.0236236530507617,0,0.0995147982840251,0.9004852017159748,1,0.8156099370436457,0.1843900629563543,0,0.7447985305512906,0.2552014694487093,0,0.3099856817384781,0.6900143182615219,1,0.6480537448943233,0.3519462551056768,0,1.0,1.0,1.0,1.0,0.9794318181818181,0.9772727272727273,0.9756818181818182,0.9622222222222222,0.1613292929697212,0.9527526938984765,0.4674556509263673,0.8009704034319497,0.689587267119881,0.6312198740872914,0.8194186472242906,0.48959706110258133,0.8931569297113072,0.3800286365230438,0.9357942259015548,0.29610748978864654
0.5915571047771727,0.3365364096829145,0.2849425121644007,0.6949718719731636,0.0,4.681817673038078,0.0,0.030102360917229,0.5167964470375123,0.0725877585625037,0.9274122414374965,1,0.8013694387608254,0.1986305612391745,0,0.2850009112703821,0.7149990887296179,1,0.3393868618595373,0.6606131381404626,1,0.6238650928757944,0.3761349071242056,0,0.4027506632462369,0.597249336753763,1,1.0,0.99,0.965,0.935,0.9886874999999999,0.9629999999999999,0.9170624999999999,0.8670886075949367,0.3755072872914102,0.8548244828749928,0.719180747910154,0.6027388775216509,0.8621757391741769,0.42999817745923585,0.9242307650761263,0.3212262762809253,0.9552664278353402,0.24773018575158878,0.9725369056133295,0.19449867350752614
-0.3323501429833917,0.2297286689127261,0.1366919139554988,0.3160691126285577,1.4163649911138685,0.0,0.0,1.1650518162797896,-0.5113150529108204,0.97337767664655,0.0266223233534499,0,0.0980762017435844,0.9019237982564156,1,0.8237295521247606,0.1762704478752394,0,0.7566669557065904,0.2433330442934097,0,0.2970842802948207,0.7029157197051793,1,0.6603915298462247,0.3396084701537753,0,1.0,1.0,1.0,0.985,0.9794318181818181,0.9772727272727273,0.9756818181818182,0.9486666666666667,0.17715926449014807,0.9467553532931,0.4628674632308118,0.8038475965128311,0.6718498277731818,0.6474591042495212,0.8005392193698456,0.5133339114131806,0.8776974888656076,0.4058314394103586,0.9244435449440417,0.3207830596924494
0.111267331154441,0.0055533399465599,-0.367209115209911,-0.836522790508988,0.0,0.0,0.0,0.4634390219803462,0.0593547755710122,0.9798381556754152,0.0201618443245849,0,0.086752304025931,0.9132476959740689,1,0.8334395008470359,0.1665604991529641,0,0.7629794011793705,0.2370205988206295,0,0.2936237431576031,0.7063762568423969,1,0.6619518873827174,0.3380481126172825,0,1.0,1.0,1.0,1.0,0.9794318181818181,0.9772727272727273,0.9756818181818182,0.9622222222222222,0.14234828998422644,0.9596763113508303,0.4255355065085778,0.8264953919481378,0.6497758497616645,0.6668790016940718,0.7900504336511935,0.5259588023587409,0.8733563826560783,0.4127525136847938,0.9229386244267823,0.32390377476543486
0.5675157747995777,0.0924787289038732,0.5081297012492162,1.0689724426074556,1.3930294195870807,3.4068475393321465,3.9646597138344326,0.1160577851797007,0.4091341520225273,0.226615078506791,0.7733849214932089,1,0.6703765179257242,0.3296234820742758,0,0.3805194601485677,0.6194805398514323,1,0.4111946503040714,0.5888053496959286,1,0.5680200700688299,0.43197992993117,0,0.4470187478826029,0.5529812521173971,1,0.995,0.975,0.91,0.815,0.983875,0.9486874999999998,0.8709493670886077,0.7665822784810126,0.7720637948515047,0.546769842986418,0.9145412236622315,0.3407530358514484,0.9584080746849406,0.23896107970286457,0.9771235142987682,0.1776106993918572,0.9866085938020618,0.13604014013765992,0.991885447211897,0.10596250423479425
0.7314257607181625,-0.1866558444243521,1.1940079732157225,-0.4796084523698563,0.4804364068633191,0.0,0.0,-0.2814080233424897,0.3830950523164745,0.9874710003683262,0.0125289996316738,0,0.0697109803331826,0.9302890196668172,1,0.8512775579263518,0.1487224420736481,0,0.7775357106591178,0.2224642893408821,0,0.2828273594287834,0.7171726405712165,1,0.6696592291357771,0.3303407708642228,0,1.0,1.0,1.0,0.995,0.9794318181818181,0.9772727272727273,0.9756818181818182,0.9575555555555555,0.09712736427157284,0.9749420007366525,0.36484415941090753,0.8605780393336346,0.6066339597613815,0.7025551158527037,0.7646417632144266,0.5550714213182356,0.8592747410907691,0.43434528114243315,0.9152741578936129,0.3393184582715543
0.5664477418921915,0.283146430658814,-0.1786416204765679,0.6873886563046531,0.8081064278396072,4.613118369097819,1.4382303723929204,0.3298482849414695,-0.6030885456967194,0.0032055928930067,0.9967944071069932,1,0.9686600932620596,0.0313399067379405,0,0.0828071280917926,0.9171928719082072,1,0.1404181465286778,0.8595818534713222,1,0.8041788011337249,0.1958211988662752,0,0.2463165759577748,0.7536834240422252,1,1.0,1.0,0.99,0.98,0.9886874999999999,0.9719999999999999,0.9380000000000001,0.9026582278481013,0.031176228609356586,0.9935888142139865,0.20106754751282635,0.9373201865241191,0.41199385951408196,0.8343857438164146,0.5853328530165255,0.7191637069426444,0.7134913488968483,0.6083576022674497,0.8053876659521627,0.5073668480844504
-0.4411846844902312,1.9286080491768705,0.952531855548842,-0.0536628690331018,2.6870512302208662,3.125807467521949,0.0,0.2105420524151437,-2.0790160213493336,0.245310049524885,0.754689950475115,1,0.6381038086335074,0.3618961913664926,0,0.4141927745745888,0.5858072254254112,1,0.4416781894309888,0.5583218105690112,1,0.5416893740154559,0.458310625984544,0,0.4693415340227181,0.5306584659772818,1,0.995,0.94,0.865,0.8,0.984375,0.9166249999999998,0.8298125000000001,0.7529375,0.8037597508295526,0.50937990095023,0.9442459218094746,0.27620761726701476,0.9786496891633261,0.1716144508508224,0.9901631597515513,0.1166436211380224,0.994979354029925,0.08337874803091194,0.9972861999747478,0.061316931954563725
0.8241955053471072,-0.4433505933967857,0.479300912433839,-0.4254543141130686,0.5509128519818723,3.66943349693878,2.782268891541652,1.373511273498821,-0.2485427834185994,0.1648838923078432,0.8351161076921566,1,0.7134135263705368,0.2865864736294631,0,0.350665640011917,0.649334359988083,1,0.3888615073429556,0.6111384926570443,1,0.5855245308903329,0.4144754691096672,0,0.4329905281493785,0.5670094718506216,1,0.995,0.975,0.92,0.825,0.983875,0.9491874999999996,0.8818354430379748,0.7765822784810127,0.6458663933607832,0.6702322153843134,0.8642708510973244,0.4268270527410737,0.9346611238684311,0.29866871997616595,0.9640609076616065,0.22227698531408874,0.9787908338013617,0.17104906178066565,0.9870047556000332,0.13401894370124307
-0.5102755214778186,0.7605864472200699,0.2481230072291926,-0.5285192060268135,3.884097147196953,5.815631741103861,2.483686845188366,-0.5915653601935029,0.4561494899743357,0.0767611595159756,0.9232388404840244,1,0.8110749121024197,0.1889250878975802,0,0.2714773987160733,0.7285226012839267,1,0.3280643491030133,0.6719356508969868,1,0.6320483443481484,0.3679516556518515,0,0.3971900823524682,0.6028099176475319,1,1.0,1.0,1.0,1.0,0.9886874999999999,0.9719999999999999,0.9467500000000001,0.9182278481012659,0.3906628292817919,0.8464776809680488,0.6992174035732527,0.6221498242048394,0.8435766312399141,0.45704520256785336,0.9129364917126142,0.3438713017939735,0.9490863255643586,0.2640966886962969,0.9692831480797028,0.20561983529506367
0.3676797293048764,0.2652730511592668,-0.8069786834975771,0.788323277670254,1.5985190105115956,5.790638285765216,4.701107932333128,0.1266641504418552,-0.0464655536237198,0.0839298267155825,0.9160701732844176,1,0.8079510133905532,0.1920489866094468,0,0.2707935291176642,0.7292064708823357,1,0.3259043987207012,0.6740956012792988,1,0.634500596092833,0.365499403907167,0,0.3949101301760301,0.6050898698239698,1,1.0,1.0,1.0,1.0,0.9886874999999999,0.9719999999999999,0.9467500000000001,0.9182278481012659,0.4158770257349767,0.8321403465688352,0.7057381567381724,0.6159020267811064,0.8426009974250823,0.4584129417646715,0.9106870755106425,0.3481912025585976,0.9471536274851676,0.26900119218566604,0.9678952339558674,0.21017973964793973
-0.947659201764264,0.9249969410276888,-0.4802450605258911,-0.2465454829499565,2.926068165482776,5.565489712374808,3.4412397899722227,0.1375882075182701,-2.0790160213493336,0.0613309441314734,0.9386690558685266,1,0.8367576903458982,0.1632423096541018,0,0.2461006383077409,0.7538993616922591,1,0.3064894514128967,0.6935105485871034,1,0.6495243167986771,0.3504756832013229,0,0.3832708857343094,0.6167291142656905,1,1.0,1.0,1.0,1.0,0.9886874999999999,0.9719999999999999,0.9467500000000001,0.9182278481012659,0.3327057690560099,0.8773381117370531,0.6420100710651989,0.6735153806917964,0.8050390812229541,0.5077987233845183,0.889079485475409,0.3870210971742067,0.9344921634955272,0.2990486335973542,0.960319426140574,0.23345822853138115
0.6784399177191078,-0.065485237024303,-0.2063175827549108,0.8910805373489551,0.0,0.0,3.600149788300433,-0.4065165431389096,0.4561718116297542,0.9012681498743164,0.0987318501256837,0,0.2164312124586464,0.7835687875413536,1,0.7043099844960475,0.2956900155039525,0,0.6529365793505348,0.3470634206494652,0,0.3823273017807164,0.6176726982192835,1,0.5919928014499061,0.408007198550094,0,1.0,1.0,1.0,0.985,0.9794318181818181,0.9772727272727273,0.9756818181818182,0.9484444444444444,0.46496271513604087,0.8025362997486327,0.7535972532931,0.5671375750827072,0.8759584223371994,0.408619968992095,0.9314180624365838,0.3058731587010696,0.959669152437071,0.2353453964385671,0.9754422183508658,0.18398560289981208
1.151111690535412,-0.3338319424259263,0.0736325903816382,-0.6913781675966543,2.4196585013362064,0.0,3.64441315159177,-1.330918355214301,0.484752218923993,0.9006513796372637,0.0993486203627362,0,0.218196244841042,0.7818037551589581,1,0.7023976879740365,0.2976023120259636,0,0.6510606059666946,0.3489393940333054,0,0.3841282846937093,0.6158717153062906,1,0.5903067173662956,0.4096932826337043,0,1.0,1.0,0.995,0.99,0.9794318181818181,0.9772727272727273,0.9707954545454545,0.9528888888888888,0.46692736168741916,0.8013027592745275,0.7568601953755383,0.5636075103179161,0.8783402059680508,0.40479537594807286,0.9331172759036539,0.3021212119333892,0.9609055927184881,0.2317434306125813,0.976339133657329,0.18061343473259128
-0.5347674480988577,1.5299393607598497,0.6351637515675507,-0.5445141405434129,1.3445152195842296,3.27549035237658,2.551569116789945,0.2034376378781571,-0.3913553336126492,0.1213321950994433,0.8786678049005565,1,0.7525194391319109,0.247480560868089,0,0.320628410634982,0.679371589365018,1,0.3654385001192808,0.6345614998807193,1,0.604307203697055,0.395692796302945,0,0.417588081877469,0.5824119181225309,1,1.0,0.95,0.895,0.815,0.9886874999999999,0.9256249999999999,0.8543125,0.7684810126582279,0.5331781343107358,0.7573356098011133,0.8072604325956756,0.5050388782638219,0.9050635222895912,0.35874317873003597,0.9471051516079153,0.2691229997614385,0.9683752140761229,0.20861440739411002,0.9803135171343152,0.16482383624506192
0.787083198780169,0.3253258355214379,0.7251336996728517,-0.2984872398452144,0.965694513948799,4.26345564760911,1.834092384967988,-0.0623254944899644,0.0671774152886634,0.033482644065948,0.966517355934052,1,0.8740852637862667,0.1259147362137332,0,0.2079227880790847,0.7920772119209152,1,0.267830134216317,0.732169865783683,1,0.6877160702831958,0.3122839297168042,0,0.3467143121487795,0.6532856878512204,1,1.0,1.0,0.995,0.975,0.9886874999999999,0.9719999999999999,0.9423125000000001,0.8983544303797466,0.21156715065385248,0.9330347118681039,0.5461269254397149,0.7481705275725336,0.7374934186960741,0.5841544238418305,0.8383337546308542,0.464339731567366,0.8957922950518733,0.3754321405663916,0.93109937699319,0.3065713757024409
0.6797742024560975,0.2769767362422444,0.2665809105868349,0.4588535495820785,0.0,4.320737223919467,1.8597012329159168,0.3199698176308981,0.1004515307737684,0.0375109321323202,0.9624890678676798,1,0.8671700723479828,0.1328299276520173,0,0.2153049955820808,0.7846950044179191,1,0.275326264106892,0.724673735893108,1,0.6801629256229448,0.3198370743770552,0,0.3542258583355758,0.6457741416644242,1,1.0,1.0,0.985,0.93,0.9886874999999999,0.9719999999999999,0.9336875000000001,0.8631645569620254,0.23076113562023517,0.9249781357353597,0.5651485062262283,0.7343401446959655,0.7515014225122666,0.5693900088358382,0.8490040897149492,0.44934747178621604,0.9042041941565551,0.36032585124588956,0.937785586335363,0.29154828332884836
-0.3035577738645626,0.2469942887742037,0.8416589928694328,0.2946875390746597,1.7021297079163682,0.0,0.0,1.1716029018205842,-1.4707883390411955,0.9379030495188886,0.0620969504811113,0,0.1565656787086676,0.8434343212913324,1,0.7648160746123162,0.2351839253876838,0,0.7057352607353234,0.2942647392646764,0,0.3386099913689059,0.6613900086310942,1,0.6274043312471449,0.3725956687528551,0,1.0,1.0,0.995,0.99,0.9794318181818181,0.9772727272727273,0.9607777777777777,0.9535555555555556,0.3357133923055584,0.8758060990377773,0.6260298937462737,0.6868686425826649,0.7869391622196965,0.5296321492246323,0.8741667554741186,0.41147052147064705,0.9234823471867465,0.3227800172621883,0.9526442863324833,0.2548086624942898
1.059194729769791,-0.488321711287646,-0.3441896068160121,0.6210548287251378,0.0,0.0,3.0864867062618715,-1.46940191732446,0.6295677048423026,0.9205066675201846,0.0794933324798154,0,0.1943630525515609,0.8056369474484391,1,0.722382653151298,0.277617346848702,0,0.6667449111369264,0.3332550888630736,0,0.3719113104149534,0.6280886895850465,1,0.5998549868331992,0.4001450131668008,0,1.0,1.0,1.0,1.0,0.9794318181818181,0.9772727272727273,0.9756818181818182,0.9622222222222222,0.40039139492276565,0.8410133350403692,0.7105099190041789,0.6112738948968781,0.8521839301902854,0.44476530630259603,0.9182175697075241,0.33348982227385277,0.9521283507287592,0.2561773791700931,0.971035358514492,0.19970997366639837
-0.4343351832828861,0.9005742977453437,0.2784316561394359,0.0038662355686843,2.514736124476674,3.6696188197077815,0.0,0.7847122509225983,0.53562103130465,0.1287539691262638,0.8712460308737361,1,0.7283837651955934,0.2716162348044065,0,0.349445940512868,0.650554059487132,1,0.3929220390795904,0.6070779609204096,1,0.5797836787969016,0.4202163212030983,0,0.4389690072974943,0.5610309927025058,1,0.995,0.975,0.915,0.855,0.9841250000000002,0.9489374999999998,0.8775316455696203,0.8006329113924049,0.5540110112244605,0.7424920617474723,0.8437742831985984,0.45676753039118695,0.9335722596656951,0.301108118974264,0.9666593766626649,0.21415592184081916,0.9815544893727414,0.1595673575938033,0.9892257024851457,0.12206198540501151
0.3149210215922778,-0.3210654464073149,-0.7719962553313776,1.7937191150584135,0.0,4.041065072654041,0.0,0.943791465635878,-0.7000880175170019,0.1301966255353213,0.8698033744646785,1,0.7381630383587661,0.2618369616412339,0,0.3361935650399469,0.6638064349600531,1,0.3800368602751968,0.6199631397248032,1,0.5911905568195435,0.4088094431804564,0,0.4292643397689138,0.5707356602310862,1,1.0,0.99,0.95,0.89,0.9886874999999999,0.9631249999999998,0.905875,0.8321518987341772,0.5579771848219478,0.7396067489293572,0.8295057404908986,0.4763260767175322,0.9211295476865463,0.3276128699201062,0.9580680513257509,0.23992627944960643,0.9758710900048375,0.18238111363908704,0.9855143061399729,0.14147132046217242
0.8491678522743217,-0.5093466555129501,0.6831477430343424,-0.212310388964474,1.5437142928536698,4.289830831455975,0.0,1.4263301479649697,-0.0454736790708334,0.1149647266189199,0.8850352733810801,1,0.7486560238353664,0.2513439761646334,0,0.3303084098877331,0.6696915901122669,1,0.3763780701750896,0.6236219298249104,1,0.593761387601458,0.406238612398542,0,0.4272880888426758,0.5727119111573241,1,1.0,0.99,0.935,0.895,0.9886874999999999,0.9629999999999999,0.8916875,0.8372151898734177,0.5147117978108783,0.7700705467621602,0.813401335489284,0.49731204767073306,0.9152411633661692,0.3393831802245338,0.9554437511969739,0.24724385964982076,0.9744831684345463,0.18752277520291605,0.9846906495760589,0.14542382231464834
0.2826848838819473,-0.4550436416456648,-1.258999181891447,0.6864390248011245,0.0,4.664348681081928,0.0,0.5551081332434726,-0.5694982958502594,0.0719009461591783,0.9280990538408216,1,0.8072431571696774,0.1927568428303225,0,0.2780210297286039,0.7219789702713961,1,0.3333489597427853,0.6666510402572147,1,0.6286058408185258,0.3713941591814743,0,0.3991769719848058,0.600823028015194,1,1.0,1.0,0.985,0.95,0.9886874999999999,0.9719999999999999,0.9336875000000002,0.8792405063291139,0.3729778989937807,0.8561981076816433,0.7072030693045518,0.614486314339355,0.852740291566933,0.44395794054279225,0.9183114596684233,0.3333020805144294,0.9517365533562581,0.2572116816370515,0.9704671175307038,0.20164605603038827
0.964775606923693,0.1674748514999162,0.8242884677748001,-0.3461898138321406,1.276117915878697,3.3810774767159844,0.0,-0.441463190924441,0.2122474432626464,0.3234985521248311,0.676501447875169,1,0.5564146837264303,0.4435853162735697,0,0.483219396215356,0.516780603784644,1,0.4986398539367827,0.5013601460632173,1,0.494208949426359,0.5057910505736409,1,0.5093792725224439,0.4906207274775561,0,0.89,0.775,0.67,0.6,0.8836875000000001,0.7614197530864198,0.6582926829268293,0.5929878048780489,0.9081455054789755,0.3530028957503379,0.9907973257297135,0.11282936745286065,0.9991873542659999,0.03356120756928799,0.9999946620266322,0.0027202921264346536,0.9999032326221192,0.01158210114728192,0.999746155170274,0.018758545044887776
0.3074383078356325,-0.3050085017048295,0.0148820335470191,0.1491315065481018,0.0,4.167939793119924,0.0,1.0577538950590266,-2.0790160213493336,0.1174646263292089,0.8825353736707909,1,0.7515900177141612,0.2484099822858386,0,0.3257664544143143,0.6742335455856858,1,0.3721582893674464,0.6278417106325535,1,0.597224900502387,0.402775099497613,0,0.4245746445159918,0.5754253554840082,1,1.0,0.995,0.96,0.895,0.9886874999999999,0.9673125000000002,0.9113749999999998,0.836329113924051,0.5220288318549816,0.7650707473415821,0.8087482659163854,0.5031800354283227,0.9105423778157785,0.34846709117137153,0.952314880854642,0.25568342126510707,0.9725507945213256,0.194449801004774,0.983522231361494,0.1508507109680164
0.8882675385693708,-0.0035209599690389,0.5577839019043304,0.833936532298757,0.9174451531222484,0.0,1.774534742452503,-0.5925948348373445,0.3703787057705501,0.9895162008285432,0.0104837991714566,0,0.068895101239538,0.931104898760462,1,0.8496893308043358,0.1503106691956642,0,0.776045728348056,0.2239542716519441,0,0.283241428760727,0.716758571239273,1,0.6701787753240497,0.3298212246759503,0,1.0,1.0,1.0,0.995,0.9794318181818181,0.9772727272727273,0.9756818181818182,0.9582222222222222,0.08398362446241439,0.9790324016570866,0.3617867918438826,0.862209797520924,0.610617208743672,0.6993786616086717,0.7673224371904611,0.5520914566961119,0.8598299776895345,0.433517142478546,0.9147436146270883,0.34035755064809936
0.0792568159360796,0.5038171177109778,-0.3648394728336039,0.1011787250999645,2.389793709530021,2.5154436123101678,0.0,0.2086642918438288,0.1228710813297675,0.5404041045674172,0.4595958954325827,0,0.4111795120412434,0.5888204879587565,1,0.5925613568392217,0.4074386431607782,0,0.5870266884787255,0.4129733115212746,0,0.4200820052164246,0.5799179947835754,1,0.5726323550624762,0.4273676449375237,0,0.665,0.56,0.505,0.555,0.6641250000000001,0.5587804878048781,0.510060975609756,0.5547959183673469,0.9952844848663134,0.08080820913483444,0.9771156724608283,0.1776409759175131,0.9751359470834778,0.18512271367844352,0.9780353845919368,0.17405337695745093,0.9814920619595372,0.15983598956715084,0.9847242513657597,0.1452647101249525
-0.4396323412337044,0.7056507346961493,0.8262429108121551,1.1722641657425958,1.7287144455488763,0.0,3.763449649397984,0.5286295456867139,0.2228039920064752,0.8531569333425824,0.1468430666574175,0,0.2621848001053958,0.7378151998946042,1,0.6692426378957254,0.3307573621042746,0,0.6266597890770793,0.3733402109229207,0,0.4021701679658616,0.5978298320341384,1,0.5768605114460793,0.4231394885539208,0,1.0,0.995,0.99,0.985,0.9794318181818181,0.9726136363636363,0.9663636363636364,0.9484444444444443,0.601883363378742,0.7063138666851648,0.8300254017342109,0.4756303997892084,0.9156982952469558,0.33848527579145077,0.9532023115626224,0.2533195781541586,0.9722059144813479,0.19565966406827684,0.9828866736258098,0.1537210228921585
1.6579280993633674,-0.3799486136283321,0.3312757222190598,-0.2875308042099122,2.6332636429791307,0.0,4.101950115593952,-1.226694494753236,0.0313660662618185,0.8588424943317021,0.1411575056682979,0,0.2606300153666099,0.7393699846333901,1,0.6683201446446205,0.3316798553553795,0,0.6245053242573992,0.3754946757426008,0,0.4048668705108658,0.5951331294891342,1,0.5740294717439935,0.4259705282560065,0,1.0,1.0,0.995,0.985,0.9794318181818181,0.9772727272727273,0.9707954545454545,0.9484444444444444,0.5872622058545776,0.7176849886634042,0.8276955869215715,0.4787399692667802,0.9166334740050099,0.336640289289241,0.9547978089190724,0.24901064851479843,0.9737264338046913,0.19026625897826843,0.9841287293039243,0.14805894348798704
0.4365924887700673,-0.3624422814077034,-0.8443706153924199,0.5453259973764774,0.0,4.109857685345607,0.0,1.064118030471912,-0.958561023259618,0.1033786963607872,0.8966213036392128,1,0.7649157644874923,0.2350842355125077,0,0.3152221571590685,0.6847778428409315,1,0.3635679281833688,0.6364320718166312,1,0.6043829612430759,0.3956170387569241,0,0.4185675811149145,0.5814324188850855,1,1.0,1.0,0.96,0.905,0.9886874999999999,0.9719999999999999,0.91375,0.8449367088607593,0.47961521260095186,0.7932426072784255,0.7867695176445834,0.5298315289749846,0.8991098551856718,0.369555685681863,0.9456050382981716,0.2728641436332624,0.9683289163761131,0.20876592248615178,0.9807807919666615,0.16286483777017097
-0.0002874309524127,-0.4904340671183266,-1.4403405101415068,1.3548423996518788,0.0,4.517006524511469,2.240352121916065,1.2212591832962765,-0.3650868823962591,0.0732363257736416,0.9267636742263584,1,0.8159632738605371,0.1840367261394628,0,0.2647435756510352,0.7352564243489648,1,0.3202397001601919,0.679760299839808,1,0.6400346503140136,0.3599653496859863,0,0.3896509243061351,0.6103490756938649,1,1.0,1.0,1.0,0.98,0.9886874999999999,0.9719999999999999,0.9467500000000001,0.9030379746835443,0.3778865443880729,0.8535273484527168,0.6888287186725217,0.6319265477210744,0.8338204592699883,0.4705128486979296,0.9046419322959007,0.35952059967961614,0.9426544231341639,0.2800693006280273,0.9645739081794439,0.22069815138772975
1.1821464533100563,-0.4092040257657475,0.0756686172996234,0.238306426760984,0.1309657204803175,0.0,0.0,-1.6350146630460265,0.5734903784844204,0.9711689481477298,0.0288310518522702,0,0.1103697956807441,0.8896302043192559,1,0.8039938847131636,0.1960061152868363,0,0.7347678020958678,0.2652321979041322,0,0.3179708394065757,0.6820291605934243,1,0.6419041760312514,0.3580958239687485,0,1.0,1.0,1.0,1.0,0.9794318181818181,0.9772727272727273,0.9756818181818182,0.9622222222222222,0.18849533397312843,0.9423378962954596,0.5010303669376466,0.7792604086385118,0.7138680481480701,0.6079877694263273,0.8345396339225175,0.46953560419173557,0.9021611560793,0.3640583211868486,0.9410912194382898,0.2838083520625029
1.1363628087471722,-0.4362267825355082,-1.107478686664516,1.295998363215991,0.0,0.0,0.0,-1.2152328477883547,0.5162499821350043,0.9431604164487783,0.0568395835512216,0,0.1563719549251543,0.8436280450748456,1,0.7597376116040025,0.2402623883959973,0,0.6981966488360521,0.3018033511639479,0,0.3467184815757571,0.6532815184242429,1,0.6196995540773259,0.3803004459226741,0,1.0,1.0,1.0,1.0,0.9794318181818181,0.9772727272727273,0.9756818181818182,0.9622222222222222,0.31476934157393377,0.8863208328975567,0.625559035241749,0.6872560901496912,0.7954763498960261,0.5194752232080052,0.8834841439227621,0.39639329767210424,0.9311031876550016,0.3065630368484858,0.9582539414549492,0.23939910815465182
0.8439054885966902,0.2647421063711769,1.091379631975604,-0.1539219620163526,1.2503025571887088,0.0,0.0,-0.6988869375809895,0.5803279684578612,0.9897353963820594,0.0102646036179406,0,0.0630140658574357,0.9369859341425644,1,0.8597075154150109,0.1402924845849891,0,0.7855466514126229,0.214453348587377,0,0.2760161467486745,0.7239838532513255,1,0.6751734569925832,0.3248265430074167,0,1.0,1.0,1.0,1.0,0.9794318181818181,0.9772727272727273,0.9756818181818182,0.9622222222222222,0.0825422300654064,0.9794707927641189,0.33929522061898215,0.8739718682851286,0.5850042901584138,0.7194150308300218,0.7499093622048781,0.571093302825246,0.8499655767164905,0.44796770650265105,0.9095531222447315,0.35034691398516654
0.4958879814583263,0.2738635348319282,-0.080741199175646,1.4530189102803306,0.0,0.0,3.0246906508414337,0.0997755520538822,0.3153703856636241,0.9120517549171716,0.0879482450828284,0,0.2019120508554699,0.79808794914453,1,0.7177296829109137,0.2822703170890863,0,0.664306710708727,0.3356932892912728,0,0.3729218920559477,0.6270781079440523,1,0.599697847262768,0.400302152737232,0,1.0,1.0,1.0,0.985,0.9794318181818181,0.9772727272727273,0.9756818181818182,0.9482222222222221,0.42958399216154697,0.8241035098343432,0.7257357532733536,0.59617589828906,0.8585258641936127,0.43545936582182737,0.920637732626629,0.32861342141745425,0.952889207632475,0.25415621588810455,0.9711270680941367,0.19939569452553596
-0.0705604087743593,-0.1563488685120244,0.312805271497604,-0.0851620188074092,1.890785059527761,0.0,0.0,0.3693058065541562,0.1812867872987693,0.9932375211949312,0.0067624788050688,0,0.0484210767103068,0.9515789232896932,1,0.8818335030074476,0.1181664969925523,0,0.8087271350581863,0.1912728649418138,0,0.2552786098883207,0.7447213901116793,1,0.6924164197667483,0.3075835802332516,0,1.0,1.0,1.0,0.995,0.9794318181818181,0.9772727272727273,0.9756818181818182,0.9575555555555555,0.05846864890680328,0.9864750423898625,0.279651562459906,0.9031578465793864,0.5240674519023585,0.7636670060148952,0.7041266136130301,0.6174542701163724,0.8195378230981739,0.4894427802233586,0.8903643972092986,0.3848328395334967
-0.0992734642394023,-0.1757675142449332,-0.5918546674056212,-0.6369052582358152,1.31344216166798,3.28380198159991,0.0,-0.2047547587722206,-0.0389091402387537,0.2574137273486399,0.74258627265136,1,0.6010439438141905,0.3989560561858095,0,0.4527352005008633,0.5472647994991366,1,0.4765522089960571,0.5234477910039429,1,0.5107458844724351,0.4892541155275649,0,0.4968472751547147,0.5031527248452853,1,0.95,0.83,0.74,0.685,0.9415625000000001,0.8176249999999999,0.7243750000000001,0.6648750000000001,0.8228185197833788,0.48517254530272014,0.9703366499398293,0.20208788762838098,0.9935445159700087,0.09452959899827335,0.9984130337218602,0.046895582007885794,0.9996667867128999,0.02149176894487015,0.9999713199704344,0.006305449690570564
-0.2012543983824337,-0.346294820325326,-0.2403393619922341,-0.633475258324227,0.0,3.749301173955285,0.0,0.4454487166688144,-0.2095592788143108,0.1686574101926735,0.8313425898073264,1,0.6871719863372423,0.3128280136627578,0,0.3818758200302075,0.6181241799697924,1,0.4179960338411172,0.5820039661588828,1,0.5600257271192529,0.439974272880747,0,0.4548509133928408,0.5451490866071592,1,1.0,0.96,0.92,0.86,0.9886874999999999,0.936375,0.8793750000000001,0.8087341772151899,0.6546242671684784,0.6626851796146529,0.8964109880495937,0.3743439726744845,0.9593560888377454,0.23624835993958493,0.9805088239249673,0.16400793231776561,0.9895785682171461,0.12005145423850594,0.9941102862054721,0.09029817321431843
-0.091826409209936,-0.324470969829136,-0.7104330955058313,-0.8435445993735876,0.191819778129105,0.0,0.0,-1.6653552899401902,0.6071447312587431,0.9654918483484778,0.0345081516515221,0,0.1196196996129429,0.880380300387057,1,0.7955894212980259,0.204410578701974,0,0.7282448593920138,0.2717551406079861,0,0.3227946165384471,0.6772053834615529,1,0.6383896266672872,0.3616103733327129,0,1.0,1.0,1.0,0.99,0.9794318181818181,0.9772727272727273,0.9756818181818182,0.9540000000000002,0.21651899179295506,0.9309836966969557,0.5282667147153816,0.760760600774114,0.730662026858905,0.5911788425960519,0.8439718937399825,0.45648971878402766,0.9073946491330325,0.3544107669231058,0.9440118059338326,0.27677925333457426
-0.1501130840892758,0.1089047081380509,0.9154095750217628,0.1859083561151935,1.439907536667025,0.0,0.0,1.035757341715844,0.6226954712841893,0.9785208752464132,0.0214791247535866,0,0.0892258650026791,0.9107741349973209,1,0.8314816288797758,0.1685183711202241,0,0.7619499762894028,0.2380500237105972,0,0.2939627207917506,0.7060372792082494,1,0.6620042869096112,0.3379957130903888,0,1.0,1.0,1.0,0.99,0.9794318181818181,0.9772727272727273,0.9756818181818182,0.9533333333333335,0.14966675546717725,0.9570417504928266,0.4338805633610603,0.8215482699946417,0.6543041904801059,0.6629632577595517,0.791782471446498,0.5238999525788055,0.8737852875150103,0.4120745584164988,0.9228878143510894,0.32400857381922243
0.0180694656858499,0.040838423227145,0.8878055111260393,0.0912073985786492,1.7307579448907393,0.0,1.8163916693293092,0.3599113618743739,-0.2641114279049067,0.989562972090925,0.0104370279090749,0,0.0659470289775821,0.9340529710224178,1,0.8563072523612816,0.1436927476387184,0,0.7843872854782117,0.2156127145217883,0,0.274833586854481,0.7251664131455189,1,0.6777937596599771,0.3222062403400229,0,1.0,1.0,1.0,1.0,0.9794318181818181,0.9772727272727273,0.9756818181818182,0.9622222222222222,0.08367662973713286,0.9791259441818502,0.35061339494312455,0.8681059420448357,0.5938286789605908,0.7126145047225632,0.7520751450372792,0.5687745709564234,0.8483153410825718,0.4503328262910379,0.9067645458172517,0.35558751931995425
-0.2887276334010543,0.0373166483088843,1.3210380483293007,0.7163653630797729,1.525888441897358,3.514013934959052,1.749939362353951,-0.2655738134252912,-0.0502136690092037,0.1177237783945255,0.8822762216054745,1,0.7494138243615547,0.2505861756384452,0,0.3254893825232454,0.6745106174767546,1,0.3696794303903266,0.6303205696096734,1,0.6011096362557883,0.3988903637442117,0,0.4198480348776122,0.5801519651223878,1,0.985,0.965,0.895,0.825,0.974375,0.9409375000000001,0.8574375,0.779493670886076,0.5227823490402295,0.764552443210949,0.8122058696492431,0.4988276487231095,0.9102513635433743,0.3490212349535092,0.9504256327717611,0.26064113921934684,0.9702977969171471,0.20221927251157656,0.9813830620226327,0.16030393024477557
-0.3983384545929062,0.0035209599690389,0.1340932813171748,-0.7636997760317769,2.03680652582968,0.0,0.0,1.3849179355582368,-0.0245980646699771,0.9632814645477472,0.0367185354522527,0,0.1183162919368637,0.8816837080631363,1,0.8012158666324932,0.1987841333675068,0,0.7359200518700119,0.2640799481299882,0,0.3148054928281186,0.6851945071718815,1,0.6458003574581475,0.3541996425418526,0,1.0,1.0,1.0,1.0,0.9794318181818181,0.9772727272727273,0.9756818181818182,0.9622222222222222,0.22703898903354125,0.9265629290954945,0.5245016548164412,0.7633674161262727,0.7194896865133925,0.6024317332649864,0.8328408704656278,0.47184010374002366,0.8986429162165176,0.37038901434376287,0.9377628718493363,0.29160071491629486
-0.2801909341143963,-0.1143104741056001,0.4652884171235447,-0.209883343780262,0.7301532777984535,2.401491462436068,0.0,-0.2374547243267749,-0.19846220220576,0.7166571747611621,0.283342825238838,0,0.2911231247526327,0.7088768752473673,1,0.68642188812095,0.31357811187905,0,0.6642849041311562,0.3357150958688438,0,0.3549633295840153,0.6450366704159848,1,0.6279985098439281,0.3720014901560719,0,0.635,0.625,0.63,0.665,0.6329545454545454,0.6182608695652174,0.6218085106382978,0.6489583333333334,0.859965757176057,0.43331434952232406,0.8701676450063589,0.4177537504947346,0.8972606884761787,0.37284377624189996,0.9206592041516851,0.32856980826231236,0.9384227875283521,0.2900733408319695,0.9521965023724094,0.2559970196878562
-0.2743037863138887,-0.1104032732259716,0.5474253296164725,-0.3635510125619375,0.965420545393759,0.0,0.0,-0.1219276848547439,-1.0874538400432356,0.9848569831059738,0.0151430168940262,0,0.0737190677496312,0.9262809322503688,1,0.8497912756322736,0.1502087243677264,0,0.778836545294384,0.2211634547056159,0,0.2798574016578551,0.7201425983421449,1,0.6732834409299285,0.3267165590700714,0,1.0,1.0,0.995,0.99,0.9794318181818181,0.9772727272727273,0.9710227272727273,0.9526666666666668,0.11322312036996725,0.9697139662119476,0.37965166627370217,0.8525618645007376,0.6103623911294873,0.6995825512645473,0.7622862540438498,0.557673090588768,0.8552564375569471,0.4402851966842898,0.9115364643372027,0.3465668818598571
-0.3475835512342697,-0.1127689188936013,0.1417963843478879,-0.483670528235091,0.5712023368152923,3.1939143883057963,0.0,0.0005893168205106,0.0071338177420272,0.3026589258933584,0.6973410741066415,1,0.5645178194693194,0.4354821805306805,0,0.4806304276416247,0.5193695723583752,1,0.4986189565900674,0.5013810434099325,1,0.4927633017516696,0.5072366982483305,1,0.5117705565288224,0.4882294434711776,0,0.885,0.775,0.695,0.6,0.8790000000000001,0.7646875,0.6825949367088607,0.5924375000000002,0.8845169058698187,0.39468214821328307,0.9879558685885922,0.12903563893863895,0.9989171874561821,0.038739144716750495,0.9999944967407249,0.002762086819865117,0.9998488874150921,0.014473396496660906,0.9996002038084129,0.023541113057644836
-0.3551857757553392,-0.143250702298795,0.4421928793818721,-0.4139808693136281,0.8607287342396174,3.931792765787309,0.0,0.0294567886929503,-0.2084655396025486,0.0900467959422461,0.909953204057754,1,0.7688071464951161,0.231192853504884,0,0.3169058778562301,0.6830941221437699,1,0.366384523393986,0.633615476606014,1,0.6019106831813307,0.3980893168186693,0,0.4203389431066019,0.5796610568933981,1,1.0,0.98,0.92,0.835,0.9886874999999999,0.954125,0.8795,0.7845000000000001,0.43662599653152057,0.819906408115508,0.7800849264812714,0.5376142929902321,0.9009849237262131,0.36618824428753977,0.9478555274770661,0.26723095321202806,0.9698219379555769,0.20382136636266135,0.9816113883243535,0.15932211378679617
-0.2321733243221208,-0.139046414547842,0.52092738265846,-0.5707628802269687,0.7724706883677916,2.401491462436068,0.0,-0.3009996840534986,-0.4433736587860421,0.7136837455478159,0.2863162544521841,0,0.297565005442145,0.702434994557855,1,0.6786582014810918,0.3213417985189082,0,0.6558089044062346,0.3441910955937654,0,0.3638818321066723,0.6361181678933278,1,0.6188770709859693,0.3811229290140305,0,0.68,0.665,0.67,0.685,0.6769318181818182,0.659111111111111,0.6598913043478262,0.6746739130434782,0.8639150476684343,0.42736749109563177,0.8782939819503243,0.40486998911571,0.9058346497224247,0.3573164029621836,0.9287729421821801,0.31161780881246925,0.9458582969642817,0.27223633578665546,0.9588312526456275,0.23775414197193884
-0.1890681904541259,-0.2549952165701961,0.0044337775351526,-0.8348811927662869,1.6536319543323763,0.0,0.0,-0.1852772460990152,0.1847059970916313,0.9933796075328728,0.0066203924671271,0,0.0487004998683619,0.951299500131638,1,0.8803744156188333,0.1196255843811666,0,0.8063672034844778,0.1936327965155223,0,0.2579470337765284,0.7420529662234715,1,0.6898541510385772,0.3101458489614229,0,1.0,1.0,1.0,1.0,0.9794318181818181,0.9772727272727273,0.9756818181818182,0.9622222222222222,0.05744366513633454,0.9867592150657457,0.28085091643274396,0.9025990002632761,0.5282836606796539,0.7607488312376667,0.7090094304250252,0.6127344069689555,0.8236325896624556,0.4841059324469431,0.8933417442059151,0.3797083020771543
-0.2254219386428926,-0.2806644103298741,-0.2916642684950336,-0.8069906735353269,1.4125033195063186,0.0,0.0,-0.4612091398292637,-1.221463654700498,0.978558302830796,0.0214416971692041,0,0.0898978230295902,0.9101021769704098,1,0.8303804790747386,0.1696195209252615,0,0.760850763639575,0.239149236360425,0,0.2948732267913801,0.7051267732086198,1,0.66131472708642,0.3386852729135801,0,1.0,1.0,1.0,1.0,0.9794318181818181,0.9772727272727273,0.9756818181818182,0.9622222222222222,0.14946049651125348,0.957116605661592,0.43612867166936653,0.8202043539408197,0.6568336631966737,0.6607609581494771,0.7936226244483695,0.5217015272791501,0.8749333887230367,0.4102535464172397,0.9235550416236886,0.32262945417283995
-0.0059709998377527,-0.2605208891181224,-0.9317933580857036,-0.7416797367468319,0.3636321651002376,4.197064832564436,0.0,0.95380051028974,-0.518185722338209,0.0933364055472808,0.9066635944527192,1,0.7740294205334661,0.2259705794665338,0,0.3090208269183374,0.6909791730816626,1,0.3592113647770864,0.6407886352229136,1,0.6076246673890167,0.3923753326109834,0,0.4160514440782957,0.5839485559217044,1,1.0,0.995,0.97,0.92,0.9886874999999999,0.9679375,0.9225,0.8540506329113926,0.4475093321468206,0.8133271889054383,0.7709207131430845,0.5480588410669324,0.8920399360979359,0.3819583461633252,0.9420266150305785,0.28157727044582725,0.9663153385109424,0.21524933477803326,0.9795689876207861,0.16789711184340866
-0.0598377214548782,-0.2067523753429911,-0.2856611746464576,-0.1779582359875695,0.9355511241566342,4.687221674477716,1.94528700191784,1.0739082443618413,-1.0925559506013864,0.0117133358142433,0.9882866641857564,1,0.9344133517328778,0.0655866482671221,0,0.1364131994874148,0.8635868005125851,1,0.2022819972191501,0.7977180027808499,1,0.7420059020119832,0.2579940979880166,0,0.3040276347992228,0.6959723652007772,1,1.0,1.0,0.995,0.975,0.9886874999999999,0.9719999999999999,0.9428124999999999,0.899367088607595,0.09194870999615598,0.9765733283715131,0.3492337306486456,0.8688267034657556,0.5747676676544797,0.7271736010251703,0.7264686782230114,0.5954360055616998,0.8237043282258344,0.48401180402396665,0.8861586688848225,0.3919447304015544
-0.2176690830136789,0.0192450739638528,0.7520416610226751,-0.1876891763971172,1.7731287056173688,0.0,0.0,0.953514427905993,0.3026747252533829,0.9823729542671248,0.0176270457328751,0,0.079906296385434,0.920093703614566,1,0.8425089832420563,0.1574910167579438,0,0.7721396549690667,0.2278603450309333,0,0.2854588207764612,0.7145411792235388,1,0.668783570701085,0.331216429298915,0,1.0,1.0,1.0,1.0,0.9794318181818181,0.9772727272727273,0.9756818181818182,0.9622222222222222,0.1279013137448745,0.9647459085342497,0.401848933621607,0.840187407229132,0.6282733398553781,0.6850179664841125,0.774262716439849,0.5442793099381333,0.8627826315674693,0.4290823584470776,0.916164368017104,0.33756714140217
0.0066186919914226,-0.1839323425474472,0.6166653583419462,-0.2590288730226464,1.4850305746568158,3.981774356115576,1.0572115879319892e-14,0.6186337144238141,-1.422957279360331,0.0797906173580895,0.9202093826419104,1,0.7902362663289333,0.2097637336710666,0,0.2955550015911609,0.7044449984088391,1,0.3483029982448732,0.6516970017551268,1,0.6166277319892607,0.3833722680107393,0,0.4084895497466657,0.5915104502533344,1,1.0,0.985,0.97,0.92,0.9886874999999999,0.9583125000000001,0.9266455696202534,0.8535443037974683,0.4014409874624617,0.840418765283821,0.7410308827208255,0.5804725326578667,0.8757893048957943,0.40888999681767824,0.9325433508706807,0.3033940035102536,0.9603889706475788,0.23325546397852137,0.9757005389625453,0.1830209005066687
0.1666848832336068,-0.3601623306494761,0.0526666695480264,0.8292966130947511,0.3399492276895787,3.734369873542546,0.0,0.4745355217943954,0.6336252039105275,0.1766557144344872,0.8233442855655128,1,0.6799988338811096,0.3200011661188903,0,0.3869275950418223,0.6130724049581776,1,0.4215889606315617,0.5784110393684384,1,0.5573834614006545,0.4426165385993454,0,0.4568432565180869,0.5431567434819131,1,0.995,0.93,0.805,0.695,0.9837500000000002,0.9087500000000002,0.7784374999999999,0.6717721518987342,0.6727060700719254,0.6466885711310255,0.9043827258280626,0.3599976677622193,0.9627881678837514,0.22614480991635533,0.9821863422841558,0.1568220787368767,0.9904778415995753,0.11476692280130912,0.994619255200426,0.08631348696382624
0.3213687678067392,-0.3454057824414079,0.0089275847172794,0.2482172827161816,0.1357655809998499,0.0,0.0,-0.3757235478769769,-1.1329442838908876,0.9776798470864646,0.0223201529135353,0,0.0926537710889428,0.9073462289110572,1,0.8264349041949778,0.1735650958050221,0,0.7567475345682801,0.2432524654317197,0,0.298573539433792,0.7014264605662079,1,0.6581994068911777,0.3418005931088222,0,1.0,1.0,1.0,0.995,0.9794318181818181,0.9772727272727273,0.9756818181818182,0.9577777777777776,0.15427650830810935,0.9553596941729293,0.44526627235662325,0.8146924578221144,0.6657955886484392,0.6528698083899557,0.8004073083965134,0.5134950691365605,0.8795402088133502,0.40285292113241594,0.9265313356759249,0.3163988137823555
-0.1895252705025119,0.377848540884294,0.6057240989674145,0.1685329764848373,0.7386169729709963,0.0,3.598315996276281,0.5430944799473736,-0.1502717455491987,0.9048621861426964,0.0951378138573036,0,0.2103299499264534,0.7896700500735464,1,0.7109392961471527,0.2890607038528473,0,0.6592598827271924,0.3407401172728075,0,0.3766231676558613,0.6233768323441387,1,0.5969698219075483,0.4030301780924515,0,1.0,1.0,0.995,0.985,0.9794318181818181,0.9772727272727273,0.9605555555555556,0.9493333333333334,0.4533905483157958,0.8097243722853928,0.7421129539309654,0.579340100147093,0.867504802455428,0.42187859229430535,0.9255251861047455,0.3185197654543849,0.9556221174346087,0.24675366468827736,0.9726955605393154,0.19393964381509682
0.354387452493526,-0.3965169607726621,-0.7668517377261204,-0.3215152132465705,0.0868210038484292,3.179694611615601,0.0,-0.6583890023594461,0.1143791577551145,0.4035023494778972,0.5964976505221027,1,0.5097352964474262,0.4902647035525737,0,0.5134332062257799,0.4865667937742199,0,0.5200024865226369,0.4799975134773631,0,0.4783429404949588,0.5216570595050412,1,0.5214566150136167,0.4785433849863833,0,0.845,0.73,0.63,0.55,0.8404999999999998,0.7206790123456789,0.6250617283950618,0.5517283950617283,0.9729625048360699,0.19299530104420548,0.9997265169943349,0.019470592894852534,0.9994792657310927,0.026866412451560018,0.9988452488377331,0.04000497304527384,0.9986462471202331,0.043314119010082364,0.998671197836009,0.04291323002723341
-0.6568756806562153,1.5850831967533374,0.0867926240681124,-0.8399020645876905,2.2288096140848355,3.511281009583537,3.15047433712391,0.3031474182289325,-1.993674224552124,0.139909784104822,0.860090215895178,1,0.7430914364909609,0.256908563509039,0,0.3263975315613949,0.6736024684386052,1,0.3705396295649297,0.6294603704350702,1,0.5992181451821279,0.4007818548178721,0,0.4226844127397775,0.5773155872602225,1,1.0,0.995,0.985,0.94,0.9886874999999999,0.9670625000000002,0.9343124999999999,0.8688607594936707,0.5840024955739561,0.720180431790356,0.8220454287627976,0.48618287298192187,0.9112033291914315,0.34720493687721027,0.9510855336330477,0.2589207408701405,0.9714061132762722,0.1984362903642558,0.9826826020858948,0.15463117452044495
0.0499544189618415,-0.4346803766449429,-0.904435937761905,2.379198487500384,0.0,0.0,0.0,0.8108387084069584,-0.1436169542084373,0.889340135584771,0.1106598644152289,0,0.2178849396790647,0.7821150603209354,1,0.7083376323944826,0.2916623676055174,0,0.6581380431462659,0.3418619568537341,0,0.3774629951895903,0.6225370048104096,1,0.5961474032785994,0.4038525967214006,0,1.0,1.0,0.995,0.985,0.9794318181818181,0.9772727272727273,0.9710227272727273,0.9491111111111111,0.5019031057257791,0.7786802711695421,0.7562866165215433,0.5642301206418707,0.870858965905726,0.41667526478896516,0.9265893350354891,0.3162760862925318,0.9562304911934406,0.24507400962081932,0.9731596554304272,0.19229480655719877
0.5445321042814624,-0.5201062447095837,-0.3640944041748982,1.2675087703922143,0.0,3.5724979511888484,3.832220717769727,0.8364060140271119,0.5119266497215106,0.2369343018985999,0.7630656981013999,1,0.6622590055068561,0.3377409944931438,0,0.3868800358185021,0.6131199641814978,1,0.4162051746156323,0.5837948253843678,1,0.5640278539310247,0.4359721460689752,0,0.4502465130747652,0.5497534869252347,1,1.0,0.97,0.9,0.815,0.9886874999999999,0.943375,0.858875,0.769873417721519,0.7899048528221714,0.5261313962028,0.9226405699916326,0.3245180110137123,0.9627565819738884,0.22623992836299572,0.9796441038860995,0.1675896507687355,0.9881386099960655,0.1280557078620495,0.9928456440446474,0.09950697385046953
0.0258212407475733,-0.3823653725196973,-0.9875112482918612,0.2598290096884838,0.0,4.255281041418978,3.6419711531587895,-0.0836290329421904,-1.297755137250682,0.1103283154437165,0.8896716845562834,1,0.7759494580840886,0.2240505419159113,0,0.2973758242787575,0.7026241757212425,1,0.3461458729005559,0.653854127099444,1,0.6193717164942247,0.3806282835057752,0,0.4062012698139393,0.5937987301860607,1,1.0,1.0,0.985,0.97,0.9886874999999999,0.9719999999999999,0.9338125000000002,0.8936708860759495,0.5009054630943147,0.779343369112567,0.7674950052925305,0.5518989161681772,0.8780594327204468,0.405248351442485,0.9305788131648921,0.30770825419888814,0.9584845509222084,0.23874343298844952,0.9744627171115512,0.18759746037212138
1.1021606865450384,-0.4676847921429842,-0.0194318041729062,-0.327208247009892,2.292776167926824,0.0,1.518669394382293,-0.242766833162657,0.6461527703500969,0.9889983077561604,0.0110016922438394,0,0.070368911177976,0.929631088822024,1,0.847800590282229,0.1521994097177711,0,0.7738541010766671,0.2261458989233328,0,0.2855949882259176,0.7144050117740823,1,0.6678549663954354,0.3321450336045646,0,1.0,1.0,1.0,0.99,0.9794318181818181,0.9772727272727273,0.9756818181818182,0.9526666666666667,0.08736290305466972,0.977996615512321,0.3672988494890318,0.8592621776440481,0.6153170693837637,0.6956011805644579,0.7712319981928414,0.5477082021533343,0.8629628155539389,0.4288100235481647,0.9171029479674601,0.3357099327908708
0.0508469677088073,-0.3786739852863867,0.7624289168260682,-0.5851759389773173,2.466882592739085,0.0,2.8828545507700296,0.779464632396573,0.3854232065119032,0.9363062898736324,0.0636937101263676,0,0.1709136930598027,0.8290863069401972,1,0.7452437059445423,0.2547562940554578,0,0.6866723690163566,0.3133276309836433,0,0.3552293720733362,0.6447706279266638,1,0.6135439957385517,0.3864560042614483,0,1.0,1.0,1.0,0.985,0.9794318181818181,0.9772727272727273,0.9756818181818182,0.9484444444444444,0.34193632224905984,0.8726125797472648,0.6597906597196885,0.6581726138803945,0.8187300037526949,0.49048741188908446,0.8969773669696486,0.37334473803271334,0.9386518163567321,0.28954125585332763,0.9624743581152649,0.22708799147710335
-0.5699124734930041,1.7460199050212348,0.2806764127892761,-0.348275702227433,0.7737542465327187,3.0539605122875493,0.0,-0.0639487748642796,0.3780229804622108,0.2919799049121758,0.7080200950878242,1,0.5825523417796806,0.4174476582203194,0,0.4628771165566406,0.5371228834433593,1,0.4824365256106934,0.5175634743893065,1,0.5074885218738087,0.4925114781261913,0,0.4982632270946568,0.5017367729053431,1,0.965,0.855,0.765,0.68,0.955125,0.8395625000000001,0.7425625000000001,0.6573417721518986,0.8712651054772261,0.41604019017564836,0.9802460610012309,0.16510468355936125,0.9960199581363006,0.07424576688671874,0.9991097443320774,0.03512694877861311,0.9998381871582047,0.01497704374761738,0.999991296546318,0.003473545810686318
-0.8901565866558667,2.193036306692884,0.4425176563247525,-0.1750111443075971,0.9812954515895964,3.985781379839984,0.0,-0.3851553364626353,0.4782300568587269,0.1230790619694013,0.8769209380305986,1,0.7384113050130148,0.2615886949869852,0,0.3398007720671164,0.6601992279328837,1,0.384757035763857,0.6152429642361429,1,0.5864933169162407,0.4135066830837593,0,0.4335035094758241,0.5664964905241758,1,1.0,0.995,0.955,0.905,0.9886874999999999,0.9671875,0.9086875000000001,0.8425316455696201,0.5381472444361319,0.7538418760611972,0.8291342845445382,0.47682261002602955,0.9246279299259879,0.32039845586576726,0.9613325932347996,0.23048592847228588,0.9783051589587208,0.17298663383248142,0.9872035514009905,0.13299298104835172
-0.6263176642582798,2.4449083864585868,-0.1843823010318445,-0.220492453128148,0.4392971719072597,3.0906384996891703,0.0,-0.4646948840089822,0.2252769753650624,0.2899525301491114,0.7100474698508887,1,0.5952043513684846,0.4047956486315153,0,0.4487989702823919,0.5512010297176081,1,0.4692072247529326,0.5307927752470675,1,0.5194993861563146,0.4805006138436854,0,0.4874627070218669,0.5125372929781331,1,0.975,0.905,0.8,0.715,0.9649999999999996,0.8864375000000001,0.7790506329113924,0.6878481012658227,0.8686599184964696,0.42009493970177736,0.9736868360022368,0.1904087027369693,0.9924225431130622,0.10240205943521619,0.9972623554456442,0.06158555049413489,0.998902621226602,0.038998772312629215,0.999546416126563,0.025074585956266215
-1.0321351586783645,2.767693698084263,0.0153221463183572,-0.0393352125999226,0.64402520267997,4.070581905671557,0.0,-0.1771322991785796,-0.21016042938146,0.1133476570393848,0.8866523429606151,1,0.7534780906959743,0.2465219093040256,0,0.3259693968544368,0.6740306031455632,1,0.3733872543819259,0.626612745618074,1,0.5956300076135967,0.4043699923864033,0,0.4261870598108798,0.5738129401891202,1,1.0,1.0,0.98,0.935,0.9886874999999999,0.9719999999999999,0.9295,0.8684810126582279,0.5099316510429936,0.7733046859212304,0.8057187962072071,0.5069561813919486,0.9107552124676265,0.34806120629112636,0.9532374552128376,0.2532254912361481,0.9734495471933523,0.19126001522719344,0.9842217799370323,0.14762588037824043
-1.3405924416573247,4.541959563876273,-0.0001259348343305,0.2351019185022056,0.8398872982331483,4.774627920358,0.0,-0.1794073897419685,0.1851757894324165,0.1709359714442059,0.829064028555794,1,0.7058523998053025,0.2941476001946975,0,0.3605287736393647,0.6394712263606352,1,0.3994254899706775,0.6005745100293224,1,0.5753394541466301,0.4246605458533699,0,0.4423013973567247,0.5576986026432752,1,1.0,1.0,1.0,0.975,0.9886874999999999,0.9719999999999999,0.9467500000000001,0.8986075949367086,0.6598414130183949,0.6581280571115881,0.8740188768484263,0.41170479961060497,0.9431212358276517,0.27894245272127055,0.9706135354312517,0.20114902005864488,0.9835598868098174,0.15067890829326025,0.9903727311783558,0.11539720528655051
-1.1980403044109895,3.9085962914239873,-0.2863567332802507,0.4131823363046923,0.8716584715886547,4.046540620189336,0.0,-0.3796146670212926,-0.5299743938154817,0.1718985876416651,0.8281014123583348,1,0.7025123162049453,0.2974876837950547,0,0.3639431694080398,0.6360568305919602,1,0.4023325110729925,0.5976674889270074,1,0.5729614658765549,0.427038534123445,0,0.4442282536271723,0.5557717463728278,1,1.0,1.0,1.0,0.98,0.9886874999999999,0.9719999999999999,0.9467500000000001,0.9030379746835443,0.6620295695908518,0.6562028247166697,0.8781981474359242,0.40502463240989056,0.9459077123567443,0.2721136611839204,0.9722986841141738,0.19533497785401488,0.9845850040385166,0.14592293175310994,0.9910063253885176,0.1115434927456555
-0.2771424371108369,1.11609073480428,1.0681717588573898,0.3234335717176569,2.6334104700709458,0.0,1.6021655219384392,-0.4080096684581588,0.4235270802183172,0.9577635487222868,0.0422364512777131,0,0.13391705817093,0.8660829418290701,1,0.7826355234323715,0.2173644765676285,0,0.7192566842545455,0.2807433157454545,0,0.3282256445729936,0.6717743554270064,1,0.6354537603044242,0.3645462396955758,0,1.0,1.0,0.995,0.985,0.9794318181818181,0.9772727272727273,0.9607777777777777,0.949111111111111,0.25245390931757394,0.9155270974445736,0.5680836958938926,0.7321658836581401,0.7553258318520408,0.565271046864743,0.8564616544461238,0.43851336850909095,0.9131032416283836,0.3435487108540128,0.9463923177399778,0.27090752060884843
0.2386701283006406,-0.5235678568008241,-0.8814357248833022,2.390131114906995,0.0,3.740872108187189,2.2362563718214346,-0.2226498625641219,0.4294620222678093,0.199920764107948,0.800079235892052,1,0.6852025005293054,0.3147974994706946,0,0.3722262210984934,0.6277737789015065,1,0.405927995260248,0.594072004739752,1,0.571673918370022,0.428326081629978,0,0.4443847888620106,0.5556152111379893,1,1.0,0.97,0.935,0.87,0.9886874999999999,0.944375,0.8913125000000001,0.8170886075949366,0.7217695947922231,0.600158471784104,0.8986339470331867,0.37040500105861085,0.9523661200469709,0.25554755780301314,0.974312799625426,0.188144009479504,0.9851261305369905,0.14334783674004403,0.9910568446303923,0.11123042227597868
0.7324038904103579,-0.3090486190278032,-0.4104422916533662,-0.7614659170197982,1.3666632385533772,2.424242968348316,0.0,-0.0901583627861573,0.3567608005540827,0.757649690033987,0.242350309966013,0,0.2729693714174275,0.7270306285825724,1,0.6942506047633921,0.305749395236608,0,0.6658239063899961,0.3341760936100039,0,0.3578098997493751,0.6421901002506248,1,0.6220281335741822,0.3779718664258177,0,0.78,0.715,0.7,0.705,0.7726136363636364,0.7053333333333333,0.6914444444444444,0.6901086956521738,0.7989269652417679,0.5152993800679739,0.8456933022251062,0.4540612571651449,0.8882057802757302,0.3885012095267841,0.9191362897976901,0.3316478127799922,0.9408502111591894,0.28438020050124974,0.9565970120835011,0.24405626714836448
-1.0060999655677163,2.394837397767183,0.1374333868613236,-0.2227363032304539,0.5899262179383672,4.77349447385792,0.0,-0.243970605884589,-0.2642231437764835,0.0628615488669085,0.9371384511330916,1,0.8188825901797966,0.1811174098202034,0,0.269401388425509,0.730598611574491,1,0.3277184654620078,0.6722815345379922,1,0.6321920700959203,0.3678079299040796,0,0.3968786780536855,0.6031213219463145,1,1.0,1.0,0.995,0.97,0.9886874999999999,0.9719999999999999,0.9433125,0.8959493670886078,0.3387009921060632,0.874276902266183,0.6825154292907295,0.6377651803595932,0.8406043542237939,0.46119722314898204,0.9125783373982916,0.34456306907598444,0.9489740808564667,0.26438414019184064,0.9690954298858138,0.20624264389262903
0.8704057579551514,0.0292178879806854,0.542281936088382,0.7733801204696742,1.1074049773929235,0.0,0.0,-0.389428433975393,0.4253223171232578,0.9913474299043292,0.0086525700956706,0,0.0574637132277781,0.9425362867722218,1,0.8672928823297323,0.1327071176702676,0,0.793177048244332,0.2068229517556679,0,0.2692448782439227,0.7307551217560773,1,0.6808382727677217,0.3191617272322783,0,1.0,1.0,1.0,1.0,0.9794318181818181,0.9772727272727273,0.9756818181818182,0.9622222222222222,0.07172194100496812,0.9826948598086587,0.3172934255123401,0.8850725735444437,0.564815997706254,0.7345857646594647,0.7353658768769361,0.5863540964886641,0.8403789959340315,0.4615102435121546,0.9034675366910476,0.3616765455354434
