0,1,2,3,4,clusters,kmeans,mu_1.5_0,mu_1.5_1,cluster_hard_1.5,mu_1.8_0,mu_1.8_1,cluster_hard_1.8,mu_2.1_0,mu_2.1_1,cluster_hard_2.1,mu_2.4_0,mu_2.4_1,cluster_hard_2.4,mu_2.7_0,mu_2.7_1,cluster_hard_2.7,mu_3.0_0,mu_3.0_1,cluster_hard_3.0
1.6889916716360585,0.6673284547111619,-2.550538496686735,-1.6707641027557338,3.776105085695098,0,0,0.003381877565365586,0.9966181224346343,1,0.02927634085163342,0.9707236591483664,1,0.9230112466073785,0.07698875339262146,0,0.869457873881392,0.13054212611860808,0,0.18001644421506977,0.8199835557849302,1,0.22226006368615983,0.7777399363138401,1
0.958775520102264,-0.1453053578105405,-0.8770727310869517,-1.1932779456288325,4.110133254544775,0,0,0.009040428655638547,0.9909595713443614,1,0.050791935861810515,0.9492080641381896,1,0.8920855782530916,0.10791442174690835,0,0.8374829649458749,0.16251703505412501,0,0.20898111349210502,0.7910188865078949,1,0.247086617908686,0.7529133820913141,1
0.9216751265189848,1.9010991457432944,-2.2906575690372675,-0.2473185971387087,4.515084187100419,0,0,0.016127768916290343,0.9838722310837097,1,0.0710502632262562,0.9289497367737438,1,0.8650354704294314,0.1349645295705686,0,0.8092012962508686,0.1907987037491314,0,0.23588037132679707,0.7641196286732029,1,0.27170019900974335,0.7282998009902566,1
1.9267390416075467,-0.1843856633934301,-2.2652497930341307,-0.1755763232714849,3.610122887231911,0,0,0.00497151628470263,0.9950284837152973,1,0.03527934634769972,0.9647206536523004,1,0.914965730101425,0.08503426989857503,0,0.8619102880170801,0.13808971198291983,0,0.18612124841886057,0.8138787515811394,1,0.2268683549082839,0.7731316450917161,1
2.5255672262808715,-0.0705125850071548,-3.944558927018744,-0.5687977462020076,4.5536211990248034,0,0,0.023177185062057827,0.9768228149379422,1,0.08883874052743702,0.911161259472563,1,0.8411785003642236,0.1588214996357763,0,0.7829402821659573,0.21705971783404257,0,0.2625203080063418,0.7374796919936581,1,0.2977004011254861,0.7022995988745138,1
1.8668638839983005,-1.1594569093574252,-1.00769953096878,-0.7925513142201948,2.83473353189594,0,0,0.01624408894247245,0.9837559110575277,1,0.0704968556842021,0.9295031443157978,1,0.8665405115401551,0.13345948845984493,0,0.8112204216662637,0.18877957833373624,0,0.23373910976194626,0.7662608902380538,1,0.2696431274041607,0.7303568725958393,1
0.8060137829320422,2.671902006695148,-1.9639168634969544,-2.2387556912791853,3.132708706722769,0,0,0.02630197339525838,0.9736980266047416,1,0.09510586009481484,0.9048941399051852,1,0.8359081698568793,0.16409183014312065,0,0.7805180688550603,0.21948193114493975,0,0.26209036318943524,0.7379096368105648,1,0.2950024863276842,0.7049975136723158,1
0.7722806678438183,0.0241051129538214,-3.602848273314091,-0.999069813778522,2.172967545720442,0,0,0.025013959722711483,0.9749860402772886,1,0.09198521484719163,0.9080147851528084,1,0.8387062354633413,0.1612937645366587,0,0.7817820476073729,0.21821795239262703,0,0.2624711751746299,0.73752882482537,1,0.29673016696849175,0.7032698330315083,1
1.328464434000202,1.2819835623309588,-1.830203982887166,-0.8684114017816698,3.2755532426155147,0,0,0.00038946276041092306,0.9996105372395891,1,0.0076899703245009565,0.9923100296754992,1,0.9699800525039193,0.030019947496080644,0,0.9353817086744959,0.06461829132550413,0,0.10444215845234779,0.8955578415476522,1,0.14408219628451546,0.8559178037154845,1
2.873314436796643,1.836742170700228,-1.7885152330198668,-0.7957417715254733,3.1051027242961675,0,0,0.0032812535941380864,0.9967187464058619,1,0.02705967189126344,0.9729403281087367,1,0.9302684032053044,0.06973159679469568,0,0.8824134246037092,0.11758657539629083,0,0.16259259728290504,0.837407402717095,1,0.20203293629315305,0.797967063706847,1
3.253945640782144,-1.6079187977993288,-1.5226384681272818,-0.7116441403001239,1.585172612538054,0,0,0.05399397573260162,0.9460060242673983,1,0.14107843897411046,0.8589215610258896,1,0.7878682302869118,0.21213176971308823,0,0.735676359902451,0.264323640097549,0,0.30272051808485545,0.6972794819151446,1,0.33161048781197544,0.6683895121880246,1
0.4831508166862293,0.4981964360540088,-2.839276291532544,-1.0187515860900906,2.82538050116299,0,0,0.011016284163755857,0.9889837158362441,1,0.057094479572388224,0.9429055204276118,1,0.8825843485224665,0.11741565147753355,0,0.8264293329976862,0.1735706670023139,0,0.22044911234097608,0.7795508876590238,1,0.25833790369825754,0.7416620963017425,1
3.159929116620696,-0.4231456834412507,-0.6352652560398817,-0.5982775829931883,4.572258936891628,0,0,0.021215370465018656,0.9787846295349814,1,0.08318361751847794,0.9168163824815221,1,0.8500320213544273,0.1499679786455726,0,0.7938087937134055,0.20619120628659446,0,0.25068756871371173,0.7493124312862883,1,0.28560622407678343,0.7143937759232165,1
3.0533689591403324,0.9280787856738336,-1.927553859304987,-2.049397236840532,3.5693813771389653,0,0,0.005446838144774818,0.9945531618552251,1,0.03839963624058811,0.9616003637594118,1,0.9085928027937666,0.09140719720623346,0,0.8534993191793795,0.14650068082062048,0,0.1953025295293951,0.8046974704706048,1,0.23604638275537573,0.7639536172446243,1
2.431300018620748,0.7798338732199894,-1.3680228616298729,-0.2175581711023683,4.120566658850767,0,0,0.002908592637452102,0.997091407362548,1,0.02520925726285744,0.9747907427371425,1,0.933332108942877,0.06666789105712308,0,0.885578506156631,0.11442149384336901,0,0.16008092467541485,0.8399190753245852,1,0.2004221948785771,0.7995778051214228,1
-0.3983360029101068,0.912614210811242,-2.4342401776401323,-3.2411322323630527,4.205471775996079,0,0,0.044811067554993866,0.9551889324450061,1,0.1301144998426928,0.8698855001573071,1,0.796447662326383,0.20355233767361702,0,0.7417335610396204,0.25826643896037965,0,0.2985577788325707,0.7014422211674293,1,0.32877560048076054,0.6712243995192395,1
3.3292608093996963,-1.0756747581512598,-0.9582783612052496,-0.7278031164181928,3.6960034301232736,0,0,0.022395824104433585,0.9776041758955664,1,0.08573594955219872,0.9142640504478012,1,0.8468699286540547,0.1531300713459452,0,0.790474253035158,0.20952574696484208,0,0.2539851037097786,0.7460148962902213,1,0.2887697290828572,0.7112302709171429,1
3.946768897897483,1.5589794636717529,-0.7192224358130874,-1.3981308623061368,5.156035978878273,0,0,0.036647651673594794,0.9633523483264053,1,0.11477664037107796,0.8852233596289221,1,0.8138182386485953,0.18618176135140477,0,0.7588247977410489,0.2411752022589511,0,0.2825515318089168,0.7174484681910832,1,0.31406368492529935,0.6859363150747007,1
1.9847099581827563,0.4056906842608093,-2.042218689659812,-0.0939158533201949,3.9693198248395625,0,0,0.0032102534971186958,0.9967897465028814,1,0.027069410919039492,0.9729305890809604,1,0.9290792370959711,0.07092076290402893,0,0.8790419378790962,0.12095806212090376,0,0.16823857916063148,0.8317614208393684,1,0.2094838951801553,0.7905161048198446,1
2.7077108442815745,0.1462045916770389,-1.4977077196974609,-1.5461528795045196,2.197190507852997,0,0,0.0054250557339320495,0.9945749442660681,1,0.03703044176398621,0.9629695582360137,1,0.9128911508667545,0.08710884913324547,0,0.8607324121545196,0.1392675878454804,0,0.18597845639247323,0.8140215436075268,1,0.22551263775326638,0.7744873622467336,1
0.5542090525639025,-0.2791280087028008,-2.669461583298771,0.8440822928217511,1.621285232137183,0,0,0.07797066407281734,0.9220293359271826,1,0.17171416624530367,0.8282858337546963,1,0.7601272602677285,0.23987273973227155,0,0.7124670581173337,0.2875329418826663,0,0.3218237570860671,0.6781762429139329,1,0.3473655725614704,0.6526344274385296,1
2.0563967873534748,-0.5391581975614406,-3.180694904126059,-1.8410898519335823,2.770870715119444,0,0,0.013853292686801652,0.9861467073131984,1,0.06605430082973648,0.9339456991702636,1,0.869213788259712,0.13078621174028796,0,0.8108987564473155,0.1891012435526845,0,0.2366527702137899,0.7633472297862101,1,0.2743976405841814,0.7256023594158185,1
2.69715109579851,-1.5025275822088089,-2.3557956727932408,-0.1045982212745724,3.102673823051345,0,0,0.026083677017761837,0.9739163229822381,1,0.09363915139426623,0.9063608486057338,1,0.837263234277334,0.16273676572266596,0,0.780588335230744,0.21941166476925605,0,0.2635308152868599,0.7364691847131402,1,0.2977371198745257,0.7022628801254743,1
1.890520732956258,-0.0845838319994755,-3.394134076681965,-1.463568355096431,3.1487879727229044,0,0,0.010349263325346286,0.9896507366746538,1,0.05577777045576943,0.9442222295442305,1,0.8828398711145297,0.11716012888547034,0,0.8248936118424592,0.17510638815754068,0,0.22359423518143431,0.7764057648185657,1,0.26265074948799155,0.7373492505120085,1
1.0356464506588292,0.1282864460396027,-1.4140578451637924,-1.0709049881786348,2.6399152549381544,0,0,0.0028527686094515325,0.9971472313905484,1,0.02490203887829118,0.9750979611217089,1,0.93443941829307,0.06556058170693005,0,0.8879531231810751,0.11204687681892499,0,0.15639059591650378,0.8436094040834962,1,0.19563374820991639,0.8043662517900837,1
2.6806495463185387,-1.0887076974504994,-3.6983047168358576,-1.0642487812749606,2.232422955701717,0,0,0.03106425313693952,0.9689357468630605,1,0.10440149359403222,0.8955985064059677,1,0.8241529627487928,0.17584703725120715,0,0.7672407890651481,0.2327592109348519,0,0.2762222351886639,0.723777764811336,1,0.30947927503990735,0.6905207249600926,1
2.2441523705389472,0.8756471753530896,-0.6579824694312175,-0.8655413860095565,3.962914054230296,0,0,0.002290347109082446,0.9977096528909175,1,0.021841243863873094,0.978158756136127,1,0.9402366075575327,0.059763392442467304,0,0.8955676465055772,0.10443235349442283,0,0.14794989359775826,0.8520501064022418,1,0.18708341975089104,0.812916580249109,1
2.107660773558713,0.6034510170049208,-3.4869296437910435,-1.2878617901656642,3.121520719866004,0,0,0.008661885530593832,0.9913381144694061,1,0.05016878449568301,0.949831215504317,1,0.8908397429210521,0.10916025707894793,0,0.8335610776995835,0.16643892230041632,0,0.2151598949689748,0.7848401050310252,1,0.2548016641191006,0.7451983358808993,1
2.0432374492109484,0.0163988525828057,-3.4167701166402447,-1.3469619069274374,4.780279975170605,0,0,0.016118276156698176,0.9838817238433017,1,0.07249782241703019,0.9275021775829697,1,0.8605631300410802,0.1394368699589199,0,0.8017385961831676,0.1982614038168325,0,0.24551426452311173,0.7544857354768882,1,0.28266333768643603,0.717336662313564,1
2.54257868156386,0.6741252723447506,-0.7799074162399482,-1.2600082629536544,3.113210330881542,0,0,0.001292988527480429,0.9987070114725196,1,0.015396635950766003,0.984603364049234,1,0.9529762579438499,0.04702374205615025,0,0.9122610383422946,0.08773896165770545,0,0.12971846114757202,0.870281538852428,1,0.16889295559837286,0.8311070444016271,1
1.2821537385998711,2.35409667053336,-3.099971866741756,0.5025919992730314,3.9600138470618274,0,0,0.035522977961125746,0.9644770220388742,1,0.11139330480046457,0.8886066951995354,1,0.8185556300124943,0.1814443699875057,0,0.7641381808751949,0.23586181912480506,0,0.27707316237468665,0.7229268376253133,1,0.30861787479351394,0.691382125206486,1
3.573545938631924,2.280322709031958,-1.7224853262010749,-1.6020323968091488,4.360871996965626,0,0,0.02086753040389879,0.9791324695961011,1,0.0832753992295405,0.9167246007704595,1,0.8489718187929572,0.15102818120704267,0,0.792147111238221,0.207852888761779,0,0.2525674653731673,0.7474325346268327,1,0.28749025436551484,0.7125097456344851,1
2.218406447700716,1.7279110386333387,-2.0366050772040785,-0.5163408098666329,2.9494393878236096,0,0,0.0015106368705576124,0.9984893631294424,1,0.01664320184666872,0.9833567981533312,1,0.9504873494914153,0.049512650508584735,0,0.9089157204659306,0.09108427953406939,0,0.1334191617236725,0.8665808382763276,1,0.1725771515486241,0.8274228484513758,1
1.962151532439086,1.0570003589602703,-2.776589362645704,-1.9064912754562449,1.0374110602988824,0,0,0.029796099765770686,0.9702039002342292,1,0.10115189669032047,0.8988481033096795,1,0.8292218809899041,0.17077811901009585,0,0.7737826013569946,0.22621739864300547,0,0.26868551793347567,0.7313144820665244,1,0.30137317122176016,0.6986268287782398,1
1.970838654364302,0.3541397717170484,-0.906586676833079,-1.2182235012998042,3.1897013094759594,0,0,0.0006820708816757477,0.9993179291183242,1,0.010595638899027359,0.9894043611009726,1,0.9632284475527518,0.03677155244724817,0,0.9259480518825309,0.0740519481174692,0,0.1149571854230009,0.8850428145769991,1,0.1545765246133182,0.8454234753866818,1
2.6860818182616653,1.2640127972880375,-1.7534624116790507,-0.5412602433450735,2.989300375639629,0,0,0.0009603172801294404,0.9990396827198705,1,0.01256364470504391,0.9874363552949562,1,0.9590760136621254,0.04092398633787453,0,0.9202956721919427,0.07970432780805714,0,0.12123876504542663,0.8787612349545734,1,0.16087885901574017,0.8391211409842597,1
1.7866330113709643,0.2591526210535905,-2.283263179950781,-0.4329904368740166,5.588433099810058,0,0,0.01989308534413645,0.9801069146558635,1,0.08120670176839208,0.9187932982316079,1,0.8509001495458853,0.14909985045411467,0,0.7932011245639611,0.20679887543603895,0,0.2524717670909864,0.7475282329090136,1,0.2881775331452085,0.7118224668547914,1
2.1695052699592874,0.0882627213451934,-1.598715554501715,-1.0582193351450715,4.130387015657582,0,0,0.0026780162828791056,0.997321983717121,1,0.025003545201828167,0.9749964547981718,1,0.9316029679377944,0.06839703206220552,0,0.8808834262210286,0.11911657377897142,0,0.1674291964521254,0.8325708035478745,1,0.20960893479665968,0.7903910652033405,1
2.048640400978854,1.2152139404178572,-0.2971395092713618,-2.3591666726553555,3.35669622379145,0,0,0.011649634199535035,0.988350365800465,1,0.059000590669232016,0.940999409330768,1,0.8813102564744392,0.11868974352556093,0,0.8270985409740444,0.1729014590259555,0,0.21774350413501056,0.7822564958649895,1,0.2540145453865138,0.7459854546134862,1
0.9175114378727968,1.0232663247960612,-1.6825965428672087,-1.9084825567172692,1.3693874830058452,0,0,0.02560814340471243,0.9743918565952876,1,0.09194331870013879,0.9080566812998612,1,0.8413599236093703,0.15864007639062971,0,0.7874051307574849,0.21259486924251508,0,0.25445709877804884,0.7455429012219512,1,0.287059485866811,0.712940514133189,1
1.558277225221662,-0.5198181408509817,-1.9914180896699232,0.0366435559297142,3.570933767646409,0,0,0.009001233219476549,0.9909987667805236,1,0.049851620205380025,0.95014837979462,1,0.8936413889862556,0.10635861101374443,0,0.8389116088828804,0.1610883911171195,0,0.2080442143928372,0.7919557856071628,1,0.24669761237321153,0.7533023876267885,1
2.7268410586786995,1.178235412111109,-1.6535102967857536,-0.5394757160332427,2.7761056270546494,0,0,0.0011154796709031763,0.9988845203290968,1,0.013554743829444686,0.9864452561705552,1,0.9574576185143684,0.04254238148563164,0,0.9188579809310751,0.08114201906892493,0,0.12197482556384788,0.878025174436152,1,0.16079067618944198,0.8392093238105581,1
1.5094784045166454,-0.6544013971433009,-2.331042008837236,-1.511357150616119,4.9196422604766745,0,0,0.016119549594838845,0.983880450405161,1,0.0724305492127871,0.9275694507872129,1,0.8609994703638563,0.13900052963614365,0,0.8025713815170799,0.19742861848292018,0,0.24440005214227187,0.7555999478577281,1,0.28138538756506165,0.7186146124349384,1
0.4091943563012263,1.7747236003476987,-2.030972769642362,-3.3933034283206838,4.631986399803555,0,0,0.04031441413915795,0.9596855858608421,1,0.12273823799943814,0.8772617620005618,1,0.8040472769986555,0.19595272300134448,0,0.7487406480357236,0.2512593519642763,0,0.29228096861242064,0.7077190313875793,1,0.3231822832312869,0.6768177167687132,1
2.6807689985574537,0.4531597406117256,-3.115559545292617,-1.4307904625845684,3.000666171213399,0,0,0.00721435918483963,0.9927856408151603,1,0.04501826251841506,0.954981737481585,1,0.8983858533722598,0.10161414662774024,0,0.8417726893723433,0.15822731062765671,0,0.2072249740879871,0.792775025912013,1,0.24750751927167566,0.7524924807283242,1
0.4062854753590159,4.262983588631131,1.955399991657602,1.09223744471403,0.0,1,1,0.9941886923961951,0.00581130760380488,0,0.9612610661331047,0.03873893386689536,0,0.08947626362335057,0.9105237363766495,1,0.14129147737190179,0.8587085226280983,1,0.8128948420966502,0.18710515790334975,0,0.7744193504963538,0.22558064950364626,0
0.1599737478451539,4.109088609583296,1.292036691516934,1.7873759315306244,0.0,1,1,0.9935262780284676,0.006473721971532243,0,0.9583199270054105,0.04168007299458949,0,0.09417719522210644,0.9058228047778935,1,0.14660713786560517,0.8533928621343948,1,0.8076712009172283,0.19232879908277176,0,0.7695861796191126,0.2304138203808875,0
0.5234723782042672,2.11221202343231,2.205210246623307,1.806093598073692,0.0,1,1,0.9993279163250588,0.0006720836749411249,0,0.9896319411941464,0.0103680588058536,0,0.03575914347020358,0.9642408565297965,1,0.0711910543561328,0.9288089456438672,1,0.8906714243679638,0.10932857563203624,0,0.8541407087942282,0.1458592912057718,0
0.9601959786789273,3.748223389499838,3.4479046515468337,2.138141161337468,0.0,1,1,0.9951734940061736,0.004826505993826418,0,0.9667409454510378,0.03325905454896215,0,0.0798508088145793,0.9201491911854208,1,0.1299495111415526,0.8700504888584474,1,0.8241346903399167,0.1758653096600834,0,0.7846658551919257,0.21533414480807436,0
-0.0985396656193756,3.0981832102710807,3.063262926044916,1.9534433851710284,0.0569479772369105,1,1,0.9981087297839277,0.001891270216072253,0,0.9815507365631575,0.018449263436842615,0,0.05303711589099421,0.9469628841090058,1,0.09622485472928456,0.9037751452707155,1,0.8602782751410103,0.13972172485898976,0,0.820535501794399,0.1794644982056009,0
0.0614831652434698,1.656728141502004,2.70103217248964,-0.303365236071073,0.0,1,1,0.9598160419642371,0.040183958035762864,0,0.8761196044189319,0.12388039558106807,0,0.19781974694031543,0.8021802530596847,1,0.25306028085331417,0.7469397191466858,1,0.7063762741134935,0.29362372588650654,0,0.6760510268812998,0.32394897311870025,0
-0.1534121392600417,1.5001507575920725,2.037472763167432,2.1123188139795666,0.0,1,1,0.993007657281458,0.006992342718541972,0,0.9560060775011114,0.0439939224988885,0,0.09821746166268006,0.90178253833732,1,0.15141016579708902,0.848589834202911,1,0.8028758097912302,0.19712419020876987,0,0.7651863806487382,0.2348136193512618,0
1.0447825217194693,1.164117451392111,3.122997920186286,1.7900442145849351,0.0,1,1,0.9867880558523328,0.013211944147667173,0,0.9362274179026203,0.06377258209737963,0,0.1260975855993443,0.8739024144006557,1,0.18183445097748205,0.8181655490225179,1,0.7727532140565142,0.22724678594348566,0,0.7365397034593534,0.2634602965406466,0
0.8078346559045454,3.3270152077732464,2.6548188579725336,0.6089377266506808,0.0,1,1,0.9965498040690335,0.0034501959309666172,0,0.9717502997123262,0.028249700287673755,0,0.07208080978213151,0.9279191902178684,1,0.12050331947539981,0.8794966805246003,1,0.8346206714537573,0.1653793285462428,0,0.7957990671100309,0.20420093288996918,0
1.4086208840557028,2.6700197047118546,4.006764889269314,2.9060744170561983,0.0,1,1,0.9871431828142991,0.01285681718570091,0,0.9389474712513166,0.06105252874868328,0,0.12146790019982978,0.8785320998001703,1,0.17676998461722512,0.823230015382775,1,0.777338388942853,0.222661611057147,0,0.7402943508100657,0.25970564918993444,0
-0.4560680317730596,3.285222870862816,2.297319766550154,1.841948524210368,0.0,1,1,0.9980025791550536,0.001997420844946233,0,0.9804352655611468,0.019564734438853235,0,0.055545925137716,0.9444540748622839,1,0.0995115399434542,0.9004884600565458,1,0.8569175548608943,0.14308244513910576,0,0.8175173727128293,0.1824826272871707,0
0.6004529349047647,4.300259663326497,2.436149229588424,2.9551771760440038,0.0,1,1,0.9923278356702855,0.007672164329714437,0,0.9553246498771326,0.04467535012286729,0,0.0980134469751288,0.9019865530248713,1,0.15097763290418073,0.8490223670958192,1,0.80281767731559,0.19718232268441002,0,0.7643111121615387,0.23568888783846142,0
2.679475471359673,1.9213861915732768,1.905576957056532,2.2688377330967096,0.0,1,1,0.9671438388383312,0.03285616116166872,0,0.8895595589998748,0.11044044100012525,0,0.18264974264476422,0.8173502573552358,1,0.23812647618649846,0.7618735238135016,1,0.720376590631804,0.279623409368196,0,0.6889334980343543,0.31106650196564567,0
1.0060771253243388,3.4890206909305435,3.00685677032722,1.9296626251285804,0.0,1,1,0.9980937725519569,0.001906227448043025,0,0.9814029032050251,0.018597096794974902,0,0.05313154181270353,0.9468684581872964,1,0.09603581598265436,0.9039641840173457,1,0.8607949057728231,0.1392050942271769,0,0.821316623453669,0.178683376546331,0
1.7251750945227182,5.251208973693929,1.311051730764181,2.2264928012311964,2.1216280584697915,1,1,0.9166850142597904,0.08331498574020949,0,0.8147887420185302,0.18521125798146965,0,0.2569415439906812,0.7430584560093187,1,0.3056056147808526,0.6943943852191474,1,0.6602728202253388,0.3397271797746612,0,0.6354008893902616,0.36459911060973843,0
1.5015264613468124,3.2920594617846977,3.32416142258036,1.3078006473727273,1.3396297898773135,1,1,0.9910451578186388,0.008954842181361304,0,0.9498627683857483,0.05013723161425158,0,0.10682613825709092,0.893173861742909,1,0.16103258354722252,0.8389674164527774,1,0.7929753332985182,0.2070246667014818,0,0.7553815400801436,0.24461845991985642,0
1.334018702304615,3.953583451373407,2.566678914028212,2.6207483973066226,0.2717203508838773,1,1,0.9949722069908783,0.005027793009121737,0,0.9654362339495683,0.03456376605043171,0,0.0820738858023561,0.9179261141976439,1,0.1323643968502462,0.8676356031497539,1,0.8219916360948469,0.17800836390515298,0,0.7829621687005571,0.21703783129944293,0
2.2695077382782847,3.0123577622903235,3.247947190233865,2.7790191985612047,1.8162958019169173,1,1,0.9698044017802391,0.030195598219760904,0,0.8968738486014922,0.10312615139850768,0,0.17380855291245384,0.8261914470875462,1,0.22971797766766647,0.7702820223323334,1,0.7277164158595256,0.2722835841404744,0,0.6951370309534336,0.30486296904656646,0
-1.4789043058630242,3.7334619018986577,2.9948336852806943,1.0188536895968392,0.0,1,1,0.9817810886778401,0.01821891132215989,0,0.9240343901835734,0.0759656098164266,0,0.14148843882029197,0.858511561179708,1,0.1979750639604577,0.8020249360395424,1,0.7568820335954076,0.24311796640459235,0,0.7213233452249078,0.2786766547750922,0
0.271346240310133,4.756740785522736,3.77603461049826,-1.2760841672815466,0.0,1,1,0.9184986857306797,0.08150131426932024,0,0.81898218008152,0.18101781991847993,0,0.2524686771797205,0.7475313228202795,1,0.30156784428329214,0.6984321557167078,1,0.6637543553444324,0.33624564465556767,0,0.6383739389105305,0.36162606108946954,0
-0.5699542922297673,3.512633856526225,3.080516750257148,1.7683434173178672,1.7078291955097822,1,1,0.9886646001605974,0.011335399839402559,0,0.9426428027944089,0.057357197205591126,0,0.1171339917482576,0.8828660082517423,1,0.1725514790155942,0.8274485209844058,1,0.7813018935239321,0.21869810647606797,0,0.7440426960512386,0.25595730394876137,0
0.8376972114347053,3.779723151342284,5.038614529338139,2.7093101777792805,0.1804419522107655,1,1,0.9758251338059242,0.024174866194075714,0,0.9112810616976377,0.08871893830236234,0,0.15635883829586958,0.8436411617041305,1,0.21259699023500464,0.7874030097649953,1,0.7432583204263561,0.256741679573644,0,0.7088311475149776,0.29116885248502233,0
0.2415345023246677,2.3939382040155275,2.0859685425414165,3.041030472704821,0.0,1,1,0.9959396319539139,0.004060368046086065,0,0.9692920269271006,0.030707973072899464,0,0.07599347644994382,0.9240065235500561,1,0.1251261765199521,0.8748738234800479,1,0.8297134800315152,0.17028651996848465,0,0.7907842909378153,0.20921570906218467,0
0.8762942152965214,2.9795579289593426,0.6711847891921177,2.744782899720558,0.0,1,1,0.9866269669382801,0.013373033061719835,0,0.9344040312595158,0.06559596874048428,0,0.12870562040272807,0.871294379597272,1,0.1842119652298414,0.8157880347701586,1,0.7709731455148856,0.22902685448511442,0,0.7353810989931101,0.26461890100688984,0
-0.1721150726712758,3.282004673302249,1.568648369796366,0.7269080957092031,0.0,1,1,0.9942064528144694,0.0057935471855305055,0,0.9601031651705995,0.03989683482940064,0,0.09213322641134723,0.9078667735886528,1,0.1445155773878602,0.8554844226121399,1,0.8099213820134409,0.1900786179865592,0,0.7720977940059252,0.22790220599407485,0
1.429525351495164,1.068867232016434,2.054913191693352,0.613440271840892,1.1859761563550877,1,1,0.9207680505049565,0.07923194949504354,0,0.8140241023869399,0.18597589761306002,0,0.26089575488703526,0.7391042451129648,1,0.3105514635438201,0.6894485364561799,1,0.6554055514596397,0.34459444854036014,0,0.6310253167164537,0.36897468328354643,0
2.223169044369964,4.084476795549691,2.152037634946212,3.202487248786306,0.0,1,1,0.978871582134569,0.02112841786543094,0,0.9167057460397602,0.08329425396023991,0,0.15012308324632995,0.84987691675367,1,0.20613784362770657,0.7938621563722933,1,0.7496863437644444,0.25031365623555546,0,0.715096291132023,0.2849037088679771,0
0.6678033103344009,3.167231512715903,2.859302996016412,3.300484470484728,1.6844675459821845,1,1,0.9873990698601565,0.012600930139843543,0,0.9389859376960213,0.06101406230397857,0,0.12181128307515449,0.8781887169248456,1,0.17721088850519898,0.8227891114948009,1,0.7770288914090852,0.22297110859091476,0,0.7402129693815899,0.25978703061841,0
0.9980364667884354,3.2467099439993703,2.587607417753583,2.078792236312474,0.0,1,1,0.9992143014330545,0.0007856985669455282,0,0.9893982279761772,0.010601772023822792,0,0.035593424577708935,0.9644065754222911,1,0.07103945242419032,0.9289605475758096,1,0.889948446092644,0.11005155390735596,0,0.8519781868087049,0.14802181319129515,0
1.9084744279739985,3.12660554091152,0.2224048446818671,2.234423243850878,0.0,1,1,0.9503737209568633,0.04962627904313663,0,0.8585201042549697,0.1414798957450304,0,0.21596457731326435,0.7840354226867358,1,0.2692653438860408,0.7307346561139593,1,0.6923956612982539,0.30760433870174614,0,0.6640142487861026,0.3359857512138974,0
-1.5366920124192798,2.72629315907495,3.619324327920343,1.5992472092357728,0.1771261426678511,1,1,0.9820510030950604,0.017948996904939576,0,0.9249624453363195,0.07503755466368033,0,0.1402614315722263,0.8597385684277737,1,0.19672941216967338,0.8032705878303267,1,0.758034496338944,0.241965503661056,0,0.7223517601674568,0.27764823983254316,0
0.1909598066811008,3.5216055033224025,3.951776777423144,3.1968487662593423,0.0,1,1,0.9877990768227739,0.012200923177226214,0,0.9412278329617351,0.05877216703826501,0,0.11823642189112356,0.8817635781088764,1,0.17339857692596644,0.8266014230740335,1,0.7804387648208441,0.21956123517915588,0,0.7429886439883386,0.2570113560116613,0
0.0143460726408135,2.402175182928766,2.310829097669956,2.6735285294124305,0.0,1,1,0.9976215364826632,0.002378463517336778,0,0.9781176159429071,0.021882384057092884,0,0.05999872111269596,0.940001278887304,1,0.10513683992346158,0.8948631600765383,1,0.8510014302992099,0.14899856970079003,0,0.8118047825738258,0.18819521742617412,0
0.1680634873542945,2.765266193295806,3.3180832989811417,4.146262706349678,0.0,1,1,0.9819872880841762,0.01801271191582382,0,0.925165491624123,0.07483450837587703,0,0.13950956119559532,0.8604904388044048,1,0.195586674070702,0.8044133259292979,1,0.7593320351859376,0.2406679648140624,0,0.7236411535386001,0.27635884646139974,0
0.7691494759209192,2.3245559140044336,2.1319182280228723,1.528891509857201,0.4425609717515517,1,1,0.9999028247631311,9.717523686893226e-05,0,0.9965909369683722,0.003409063031627908,0,0.016445660374769844,0.9835543396252301,1,0.03908877296437925,0.9609112270356208,1,0.9330573261969904,0.06694267380300961,0,0.9038184171044656,0.09618158289553448,0
0.5259187785124932,2.5741310021857275,2.370339387961809,2.066739585321931,0.0,1,1,0.9996876187761431,0.00031238122385676356,0,0.9940410377184818,0.005958962281518082,0,0.023724577513473132,0.976275422486527,1,0.052376621034672576,0.9476233789653273,1,0.9133136958220265,0.08668630417797356,0,0.877894738907172,0.12210526109282804,0
0.6150426375686543,2.69309017256739,1.610156616276355,2.3230611455083383,0.2431118171519285,1,1,0.9993396684583793,0.000660331541620737,0,0.9896162355653714,0.010383764434628625,0,0.035661151468499235,0.9643388485315009,1,0.07069033938259826,0.9293096606174017,1,0.8917018983195757,0.10829810168042434,0,0.8556630924719346,0.14433690752806533,0
0.3204795446171705,4.206737474319186,2.152075664545034,1.9178010060316408,0.0526298556306673,1,1,0.9966301618670371,0.0033698381329627923,0,0.9728709655373221,0.02712903446267786,0,0.0695548177072528,0.9304451822927471,1,0.1172895284817489,0.882710471518251,1,0.8377480811677501,0.16225191883225,0,0.7983889855266945,0.20161101447330568,0
1.718896298195773,2.421884699222887,3.2840320616131127,1.5191179786494735,0.0,1,1,0.9934922475720691,0.006507752427930811,0,0.9588670438242002,0.04113295617579978,0,0.09306858978956892,0.9069314102104311,1,0.14535137626012198,0.854648623739878,1,0.8088133890388466,0.19118661096115336,0,0.7705208579666588,0.22947914203334124,0
-0.3874780103786785,3.743190447250149,0.5248572934029383,2.7277035364854285,0.1237610814236342,1,1,0.9769749290327975,0.023025070967202386,0,0.9108714598846817,0.08912854011531837,0,0.15799582713397858,0.8420041728660214,1,0.21426752967039242,0.7857324703296076,1,0.7421303745320555,0.2578696254679444,0,0.7083793066330412,0.2916206933669588,0
-0.3799772067630986,2.430827203722714,4.249247960457876,3.121338328305068,0.0,1,1,0.9827613045827746,0.01723869541722539,0,0.9273068634876896,0.07269313651231038,0,0.1368560539958069,0.8631439460041931,1,0.19301581102295046,0.8069841889770496,1,0.761620704882794,0.23837929511720599,0,0.7256255241370976,0.2743744758629024,0
2.105178996503084,1.922521286319365,2.028223756484317,3.163323696603209,0.0,1,1,0.9782701402795744,0.02172985972042565,0,0.9141137774837408,0.08588622251625923,0,0.1538833788414921,0.8461166211585078,1,0.20998249541589128,0.7900175045841086,1,0.7462877504415866,0.2537122495584134,0,0.7122992318723056,0.28770076812769435,0
-3.0320267688599536,2.687283665207089,2.983254616081437,1.5453251042958307,0.2133544229491148,1,1,0.9444445375527449,0.055555462447255094,0,0.85435354230725,0.14564645769274998,0,0.21867149917786274,0.7813285008221373,1,0.27162216919920834,0.7283778308007915,1,0.6899345132194326,0.3100654867805674,0,0.6613348669782845,0.33866513302171547,0
0.8645399966592778,4.037315342598715,2.1249997598438517,3.2621980431407813,0.0,1,1,0.991217689893318,0.008782310106681948,0,0.9512064182578115,0.04879358174218853,0,0.10420682669683565,0.8957931733031643,1,0.1578382122033562,0.8421617877966439,1,0.7961088097151418,0.2038911902848583,0,0.7580968159714918,0.24190318402850822,0
0.1357723112125651,2.582802839164102,2.8223507044070866,0.5866301845344934,0.6937356614917675,1,1,0.995846580623171,0.004153419376829015,0,0.9679161825333759,0.03208381746662408,0,0.07926791722424822,0.9207320827757517,1,0.12956444933502984,0.8704355506649702,1,0.8250611278662617,0.17493887213373818,0,0.7865574551148456,0.2134425448851543,0
0.1491160788910302,1.9646840259890923,2.752840386679824,2.282478094203205,0.6714735856018523,1,1,0.9974523517688111,0.002547648231188927,0,0.976900165181804,0.023099834818195917,0,0.0626107620017565,0.9373892379982434,1,0.10861450466738697,0.8913854953326131,1,0.8473184828187158,0.1526815171812842,0,0.8083574508537766,0.19164254914622347,0
0.5354774482776067,3.3390010160668093,1.9807549997106348,2.4729002849445187,0.0,1,1,0.9988401266359069,0.001159873364093081,0,0.9861220533569391,0.013877946643060777,0,0.04330927059368621,0.9566907294063138,1,0.08224158574927956,0.9177584142507204,1,0.8769473205127009,0.1230526794872992,0,0.8385136173910857,0.1614863826089144,0
1.049492259681569,2.217232120996385,2.0442327981294595,2.2475060299083363,0.0,1,1,0.9986482126256755,0.0013517873743244795,0,0.9840153000737136,0.015984699926286296,0,0.04828698890643024,0.9517130110935696,1,0.08892697284926404,0.9110730271507359,1,0.8700930281807788,0.1299069718192211,0,0.8324886469101147,0.1675113530898853,0
1.5268832225087436,3.3367813478692656,3.057045542726703,1.4969003985588691,0.727695490415283,1,1,0.9965303475392681,0.0034696524607319974,0,0.9721399233276623,0.027860076672337804,0,0.07098616559659128,0.9290138344034087,1,0.11897099807885203,0.881029001921148,1,0.836240318404347,0.16375968159565313,0,0.7972836142738506,0.20271638572614945,0
0.556231807607729,2.1554377735520105,3.018489948184832,1.5110296814577575,1.072761645158537,1,1,0.9974249223454453,0.0025750776545546794,0,0.9763734396218055,0.023626560378194435,0,0.06387976605276319,0.9361202339472368,1,0.11027386085196686,0.8897261391480331,1,0.845706370884837,0.15429362911516295,0,0.8070758222062334,0.19292417779376655,0
2.532953757745624,1.8079477995450828,0.2279279451251818,1.2688563255660483,0.0,1,1,0.8057694087733801,0.19423059122661981,0,0.6975288386244679,0.3024711613755321,0,0.3590030877927101,0.6409969122072898,1,0.39230046648646166,0.6076995335135383,1,0.5861466203381039,0.41385337966189606,0,0.5712125956928559,0.42878740430714407,0
0.5339347208458853,4.702232293459332,5.105602043883046,2.5432744950817874,0.0,1,1,0.9689232955510767,0.03107670444892317,0,0.8971338665745233,0.10286613342547671,0,0.17266375261401587,0.8273362473859841,1,0.2284835438263952,0.7715164561736048,1,0.7286386991197622,0.2713613008802378,0,0.6956305061848321,0.30436949381516787,0
-0.508217422350808,3.182239352793471,2.8089867257931798,1.62199115090344,1.49314881837684,1,1,0.9936939354521279,0.006306064547872001,0,0.9595491761874213,0.040450823812578654,0,0.09245558757836429,0.9075444124216356,1,0.14512273722850225,0.8548772627714978,1,0.808687622870676,0.19131237712932408,0,0.7701700512934617,0.2298299487065382,0
1.315585131744499,3.0865464645826,0.2446004513818995,1.7749523894689023,0.7710071659828355,1,1,0.9582044422399626,0.041795557760037357,0,0.8691484248699951,0.1308515751300048,0,0.20629370486775525,0.7937062951322448,1,0.26088623793392024,0.7391137620660797,1,0.6997792876832669,0.3002207123167331,0,0.6706874037894898,0.32931259621051023,0
-0.4466320748666569,2.2043040480967138,0.9718561332659624,1.1531932633038364,0.0,1,1,0.9836955283632801,0.01630447163671997,0,0.9249171540907294,0.07508284590927057,0,0.1421613252655286,0.8578386747344714,1,0.1987646192073354,0.8012353807926647,1,0.7568586036421597,0.24314139635784024,0,0.7223368150145257,0.2776631849854742,0
-0.9709279245247422,0.3455773034997671,3.476515759189992,2.0568093345411222,0.0,1,1,0.9525602792021816,0.047439720797818344,0,0.86625497423188,0.13374502576811986,0,0.2069656123139266,0.7930343876860734,1,0.2610366881317329,0.738963311868267,1,0.6993673816796877,0.30063261832031224,0,0.6697647407053466,0.33023525929465336,0
1.6721530017867667,2.9456505018687653,2.23726601674375,2.475854781087748,0.0,1,1,0.9966276989256081,0.003372301074391886,0,0.9724548903159853,0.02754510968401463,0,0.07028601980774156,0.9297139801922585,1,0.1177643652372614,0.8822356347627386,1,0.8378791801478664,0.1621208198521336,0,0.7991920311159728,0.20080796888402727,0
-0.9160257217997172,3.769192171868621,2.396035962396795,2.9345726433384733,1.9509766842103395,1,1,0.9754321542374892,0.024567845762510806,0,0.9089457516791372,0.09105424832086284,0,0.1599381471033066,0.8400618528966934,1,0.21638634815299035,0.7836136518470097,1,0.7397986072397681,0.26020139276023196,0,0.7058845480362212,0.29411545196377875,0
1.308824736581592,3.906095440413055,2.7687621642155165,0.4960777577624848,0.0,1,1,0.9896268962688862,0.010373103731113803,0,0.9450374313984387,0.05496256860156135,0,0.11371263643914262,0.8862873635608574,1,0.16853501250293704,0.831464987497063,1,0.7855794758458279,0.21442052415417218,0,0.7483706759744087,0.2516293240255913,0
-0.2225887962007112,3.766216854303922,1.376786761886707,0.9161749701591168,0.0,1,1,0.9913361274546969,0.008663872545303106,0,0.9496365671874086,0.05036343281259147,0,0.10773424261022092,0.8922657573897791,1,0.16208504786998026,0.8379149521300198,1,0.7921412755334734,0.2078587244665266,0,0.7548890569877522,0.24511094301224778,0
1.375596632864257,3.049063929747017,0.6931085989762873,1.7934335582705812,0.0,1,1,0.9867723238824491,0.013227676117551004,0,0.9334037212371465,0.06659627876285355,0,0.13061791611455878,0.8693820838854412,1,0.18622216740232223,0.8137778325976778,1,0.7693317761652574,0.2306682238347426,0,0.7342779061433716,0.26572209385662837,0
0.6091714017171226,3.8297034831677417,5.06027108405226,1.5802225930077425,0.0,1,1,0.9762165498165567,0.023783450183443373,0,0.9120021501670186,0.08799784983298146,0,0.15562017707472345,0.8443798229252766,1,0.2119454468345117,0.7880545531654882,1,0.7438201681717217,0.2561798318282784,0,0.7093242711073121,0.290675728892688,0
-0.3101320061701165,1.3709309324858865,4.207758086853307,1.1369500798271723,0.0,1,1,0.9739045892037476,0.026095410796252327,0,0.9058436739948662,0.09415632600513377,0,0.16361627202765952,0.8363837279723404,1,0.22005952938438575,0.7799404706156142,1,0.7363621818848727,0.26363781811512726,0,0.7027500060435188,0.2972499939564812,0
0.6930170600313573,2.3640949718220963,2.5423194414235444,-0.0618969814498604,0.0,1,1,0.9841520814271792,0.01584791857282084,0,0.9274722010134125,0.07252779898658737,0,0.13835565901840297,0.8616443409815969,1,0.1948945123860071,0.8051054876139929,1,0.7602494429900012,0.23975055700999884,0,0.7251130804281706,0.27488691957182937,0
0.98592508622435,3.8175139213295273,1.971909358272736,1.9738655092943755,0.0,1,1,0.9981402014636216,0.0018597985363782922,0,0.9810585113000848,0.018941488699915254,0,0.05404387028832697,0.9459561297116731,1,0.09695174583612345,0.9030482541638766,1,0.8603912462105586,0.1396087537894414,0,0.8216353463582152,0.1783646536417848,0
-0.3273692074863726,1.5086733731719748,3.259039289403783,1.4606959890192388,0.0,1,1,0.9890007132074925,0.010999286792507423,0,0.9433265575357829,0.05667344246421711,0,0.11635339957141146,0.8836466004285886,1,0.17165483465630946,0.8283451653436905,1,0.7823399275533411,0.21766007244665886,0,0.7452011186627452,0.25479888133725487,0
0.6961497250013862,2.3328056918473514,2.08551265376005,4.357650753359005,1.047420749524025,1,1,0.9711088099781087,0.02889119002189133,0,0.8995360607088028,0.10046393929119735,0,0.17072474469622453,0.8292752553037755,1,0.22663723172604275,0.7733627682739572,1,0.7306304401698529,0.2693695598301471,0,0.6978225584288312,0.30217744157116877,0
0.6302133474151728,3.5056698406619184,2.470867638664975,2.672495631427021,0.2127296959208049,1,1,0.9981334915863531,0.0018665084136467434,0,0.9815924544048082,0.018407545595191744,0,0.05274447334290777,0.9472555266570922,1,0.09543679153753616,0.9045632084624637,1,0.8615703938639087,0.1384296061360914,0,0.8222044314636201,0.17779556853637982,0
0.3393071706921889,2.9540111788979604,1.6770125481763418,2.876238447476509,0.0684855106605816,1,1,0.9971069239731586,0.0028930760268413382,0,0.9749278181042892,0.025072181895710907,0,0.06599107835374361,0.9340089216462564,1,0.11257783335268187,0.8874221666473181,1,0.8432626075999349,0.1567373924000651,0,0.8043989259580335,0.1956010740419664,0
0.6304846858788495,3.2223962267916093,2.361899634722845,2.2203729632171645,0.0,1,1,0.9994595073838384,0.0005404926161616932,0,0.9916968015520778,0.008303198447922171,0,0.02988255269456667,0.9701174473054334,1,0.06234349919716571,0.9376565008028344,1,0.9004550191724424,0.09954498082755765,0,0.8632183479587882,0.1367816520412118,0
0.3155751183532336,2.831806808266899,2.744937660441801,2.4891787786764272,0.0,1,1,0.9986477457294063,0.00135225427059372,0,0.9850836090855795,0.0149163909144206,0,0.0455259357139685,0.9544740642860317,1,0.08568367329480672,0.9143163267051931,1,0.8724574363160039,0.12754256368399614,0,0.8332602011180069,0.16673979888199317,0
-0.5171076353565516,3.855810375036031,1.0932113347504682,0.6408959498646212,0.0,1,1,0.9779184142773453,0.02208158572265483,0,0.9122525389924921,0.08774746100750773,0,0.15690878063708905,0.843091219362911,1,0.21351337721669553,0.7864866227833045,1,0.7426939613656425,0.2573060386343575,0,0.7088755674459144,0.29112443255408554,0
0.708676276070192,2.635954603728432,3.1862800635257678,3.047881959511457,0.0,1,1,0.9947173369641696,0.00528266303583026,0,0.9646375852305631,0.035362414769436815,0,0.08343441057202937,0.9165655894279706,1,0.13416659675756137,0.8658334032424386,1,0.8199116990007909,0.1800883009992092,0,0.780737254289505,0.21926274571049498,0
1.0475796548305545,2.700767242806422,2.2428802066099944,1.7253149396000742,0.9916561577048127,1,1,0.9997600915391107,0.00023990846088928002,0,0.9942951014130348,0.0057048985869652515,0,0.023444831822139203,0.9765551681778607,1,0.05124465642151008,0.9487553435784899,1,0.9166213801701788,0.0833786198298212,0,0.8843031628822656,0.11569683711773429,0
1.6380270021790055,4.587275729063628,1.908192227535756,1.4977665450471107,0.0,1,1,0.9859129966484187,0.014087003351581365,0,0.9339196840846561,0.0660803159153439,0,0.12867457977179245,0.8713254202282075,1,0.18427291687668912,0.815727083123311,1,0.7704512103903169,0.22954878960968308,0,0.7343175290787326,0.26568247092126746,0
-0.3500358361882464,3.0094037362459,2.0959425416743915,1.6078216384223685,0.0,1,1,0.9986969062753374,0.001303093724662646,0,0.9847324713144928,0.015267528685507108,0,0.04688534612853765,0.9531146538714623,1,0.08768042189319743,0.9123195781068026,1,0.8705293916990754,0.12947060830092463,0,0.8318911334574244,0.16810886654257554,0
-0.0694669254470142,3.7077547479752617,2.509593077619529,0.9982909169081428,0.0,1,1,0.9967461738098301,0.003253826190169772,0,0.9732103498429556,0.026789650157044397,0,0.06930532350245379,0.9306946764975462,1,0.11722452960754734,0.8827754703924526,1,0.8377333784875374,0.16226662151246263,0,0.7984145441542799,0.20158545584571994,0
2.139701455582415,3.0799270130602965,2.945499047422761,1.5538556033804067,0.0,1,1,0.9918679479263207,0.008132052073679372,0,0.9527491044618034,0.047250895538196544,0,0.10229641241221851,0.8977035875877815,1,0.15570020263838738,0.8442997973616126,1,0.7984855726702382,0.20151442732976177,0,0.7607157574844132,0.23928424251558683,0
-1.2145139619736427,1.1425466512457785,2.4322515121126225,0.2880548452583544,0.0,1,1,0.9437367564191252,0.05626324358087467,0,0.8508167957867863,0.14918320421321368,0,0.22342183481714598,0.7765781651828542,1,0.27637581902809194,0.7236241809719081,1,0.6856578383071567,0.31434216169284335,0,0.657657087036307,0.34234291296369307,0
0.8060469176700311,2.7053287943662934,3.987042515161088,0.9141764940501584,0.0,1,1,0.990003008445113,0.009996991554887058,0,0.9471339339516472,0.05286606604835286,0,0.11051985855032144,0.8894801414496786,1,0.16520902806872173,0.8347909719312783,1,0.7885491707536928,0.21145082924630718,0,0.7508287661893702,0.24917123381062972,0
-1.403793021395775,2.4606426940456463,0.8965286330621507,2.129223340827084,0.7654350591308559,1,1,0.9661854539071499,0.03381454609285015,0,0.8877483051702281,0.11225169482977196,0,0.18511906535798653,0.8148809346420135,1,0.24093002172234862,0.7590699782776514,1,0.7174866925040937,0.28251330749590636,0,0.6860941356165904,0.3139058643834096,0
0.0020766170023582,1.6336825395231964,0.0665912683503264,-0.1581267002301014,4.192902253372822,-1,0,0.10461256267888722,0.8953874373211127,1,0.20220231915890652,0.7977976808410935,1,0.7348358525147731,0.26516414748522693,0,0.6932304485783723,0.3067695514216277,0,0.33600114019317323,0.6639988598068268,1,0.35763083581194155,0.6423691641880585,1
0.9349337853149824,2.598257507206235,0.305407868526278,1.6093901882906885,2.666606885702643,-1,1,0.7108909532826465,0.28910904671735355,0,0.6229490896326769,0.3770509103673231,0,0.4183030732631941,0.581696926736806,1,0.4414642573099758,0.5585357426900242,1,0.5440700126336998,0.45592998736630025,0,0.5343645716979167,0.46563542830208327,0
1.8448668521416032,1.9638406172774083,1.1278598375469673,1.5499951717211682,1.7197187761184467,-1,1,0.9130323913779022,0.08696760862209782,0,0.8019437170762413,0.1980562829237587,0,0.27273258296408254,0.7272674170359175,1,0.3211144507795599,0.67888554922044,1,0.6461347284510746,0.35386527154892555,0,0.6228638734236065,0.37713612657639356,0
-0.1846509402177316,1.364242083682684,0.773018023837684,-0.4075670060918109,1.1937334965881756,-1,1,0.6553057037251702,0.3446942962748298,0,0.5862079999141744,0.4137920000858257,0,0.4451273306556758,0.5548726693443243,1,0.46240128457194396,0.537598715428056,1,0.5269949543588561,0.4730050456411438,0,0.5200037306912346,0.47999626930876543,0
0.908299951260446,2.2773125866254684,0.712335105592431,0.1621709502781265,2.0339998575313825,-1,1,0.6395026410804097,0.3604973589195903,0,0.5706653730834813,0.42933462691651875,0,0.4595916331615659,0.5404083668384341,1,0.4760477844890318,0.5239522155109682,1,0.5139881184022984,0.4860118815977017,0,0.507532995072421,0.49246700492757906,0
-0.5301914537697832,1.6757405180017686,0.2861052496624202,-1.0875190528472252,2.222631412659529,-1,0,0.26347064170407497,0.736529358295925,1,0.3362449476281386,0.6637550523718614,1,0.6272765418233843,0.37272345817661573,0,0.6053451136209096,0.39465488637909046,0,0.40950061326061454,0.5904993867393854,1,0.4203485127252073,0.5796514872747928,1
-1.045586709077752,2.1660272185636145,-1.0749527950992688,-0.907383274900004,1.6956107676114691,-1,0,0.23662786817947246,0.7633721318205275,1,0.31818500108628367,0.6818149989137163,1,0.6392829240904121,0.360717075909588,0,0.6134098862416582,0.3865901137583419,0,0.4040695610180093,0.5959304389819907,1,0.4167373037167995,0.5832626962832005,1
0.8316087235126978,1.2439813354591571,1.503511251950882,-1.7704054211993407,3.266413352413812,-1,0,0.1819304992896305,0.8180695007103695,1,0.2758638828428184,0.7241361171571816,1,0.6727261584078674,0.3272738415921325,0,0.6409706615434171,0.35902933845658286,0,0.38064791123328906,0.619352088766711,1,0.39639828126014975,0.6036017187398504,1
3.2473693776244774,2.579762516531781,-1.114688071431192,-1.761397297267408,2.815679767539748,-1,0,0.025086765589474008,0.974913234410526,1,0.09119532534393074,0.9088046746560692,1,0.8418089473936977,0.15819105260630228,0,0.7875141106226363,0.21248588937736376,0,0.2546292555926838,0.7453707444073162,1,0.2874626571466662,0.7125373428533339,1
1.9647274369745769,2.7443272593544403,0.3755662487540339,1.0207132186715326,2.849369216197185,-1,1,0.4546481375870849,0.5453518624129151,1,0.4567909626943267,0.5432090373056734,1,0.5407480525005985,0.4592519474994014,0,0.5386496261510498,0.46135037384895006,0,0.4632789555051454,0.5367210444948545,1,0.4650847997154086,0.5349152002845914,1
1.573304281402307,3.1857151141085254,-0.9678453137044364,1.1693616157614375,1.4697934595413469,-1,1,0.5005583767284785,0.49944162327152153,0,0.4863386737332312,0.5136613262667689,1,0.517788074697552,0.482211925302448,0,0.5192874883062218,0.4807125116937781,0,0.4802924279331108,0.5197075720668892,1,0.4803914950500707,0.5196085049499293,1
0.4575889543443817,1.7436632035396078,0.0268789845459156,1.514430389486573,0.0,-1,1,0.9194227624806967,0.08057723751930349,0,0.8119031197105441,0.1880968802894558,0,0.26237023434876483,0.7376297656512352,1,0.3112797357590976,0.6887202642409025,1,0.6552087705369706,0.3447912294630294,0,0.6311547710179258,0.3688452289820742,0
0.1175677955579574,0.1019562879562214,1.9890454011787155,1.855640900898512,1.771501326443814,-1,1,0.872796226448929,0.12720377355107107,0,0.7627837590264556,0.23721624097354435,0,0.3047291480927536,0.6952708519072465,1,0.3472571295338212,0.6527428704661788,1,0.6242565130873302,0.3757434869126697,0,0.6041017752529807,0.39589822474701936,0
1.8846048440373613,2.385014159367525,-0.4751880695654963,-0.8056359670794706,2.8926124117087526,-1,0,0.0185104837798926,0.9814895162201075,1,0.07326162031738429,0.9267383796826159,1,0.8688655756968269,0.13113442430317307,0,0.820948839058425,0.17905116094157505,0,0.21702585355287066,0.7829741464471293,1,0.2473104433659835,0.7526895566340165,1
2.2824659099307056,2.536753230845857,1.0403909040266606,0.5496512204334977,2.6119713189407383,-1,1,0.5518636148178617,0.4481363851821384,0,0.5180457820764692,0.48195421792353077,0,0.4959731983770233,0.5040268016229766,1,0.503312663597099,0.496687336402901,0,0.49250423059870774,0.5074957694012923,1,0.49002962352958307,0.509970376470417,1
0.8248026436803596,3.837662533396147,1.8372863227246377,-1.5462998039738924,1.9624920502995693,-1,1,0.713749917533903,0.286250082466097,0,0.632808274614425,0.367191725385575,0,0.4070568406360392,0.5929431593639608,1,0.4303780079509981,0.5696219920490019,1,0.5545790704877995,0.44542092951220047,0,0.5442259044588178,0.45577409554118214,0
2.2354637735639424,0.9921913174866543,0.5305459913337239,-0.970629156438352,1.892718806370652,-1,0,0.0831482146706864,0.9168517853293136,1,0.1740966908170201,0.8259033091829798,1,0.7635552568806917,0.23644474311930827,0,0.7213031755906771,0.27869682440932286,0,0.30885635917161325,0.6911436408283869,1,0.3314745335747812,0.6685254664252188,1
0.9889263393683356,2.3068939875659145,0.2591835697508537,-2.8426288125256587,3.914355952107768,-1,0,0.07422786928804219,0.9257721307119579,1,0.17054101679190362,0.8294589832080963,1,0.7598332319051234,0.24016676809487647,0,0.7119287627337201,0.2880712372662799,0,0.32214710178696415,0.6778528982130358,1,0.34738196841457475,0.6526180315854253,1
0.1740777080789435,3.877590609673761,2.628749808796882,-1.3019349484155618,1.5394447018494557,-1,1,0.872185886284258,0.12781411371574206,0,0.7649995707824836,0.2350004292175164,0,0.30148948906405115,0.698510510935949,1,0.34411195450590615,0.655888045494094,1,0.6269507514857164,0.3730492485142836,0,0.606301571970339,0.393698428029661,0
0.5024910308637666,2.927649798477079,0.075996687113183,2.6960879178227,4.773959367969248,-1,1,0.49761348119793736,0.5023865188020626,1,0.4921654906010708,0.5078345093989292,1,0.5097162117264025,0.4902837882735974,0,0.510362645235137,0.4896373547648631,0,0.48956226428122696,0.510437735718773,1,0.48976262455086234,0.5102373754491376,1
4.119324740184418,0.9463362585075484,-1.901650856268348,-0.4658704950740618,0.677924251035442,-1,0,0.08785393126449105,0.912146068735509,1,0.18396282208696751,0.8160371779130324,1,0.7485439956012038,0.25145600439879634,0,0.7022600185256871,0.29773998147431296,0,0.33067533387245807,0.6693246661275419,1,0.35506309040691997,0.64493690959308,1
1.1021922187611275,2.87363643347188,1.337750867417062,-0.3234721188463797,1.2529865147631043,-1,1,0.8931947453105503,0.10680525468944965,0,0.7801250651781944,0.21987493482180565,0,0.29169926074353,0.7083007392564701,1,0.3374131865407989,0.6625868134592011,1,0.6318820504718268,0.3681179495281732,0,0.6101772981606941,0.3898227018393058,0
1.2849698220589627,1.4041480776014514,0.2649884356856247,0.8450488124309575,2.6644533798543204,-1,0,0.23891102914200166,0.7610889708579983,1,0.30999138123542275,0.6900086187645773,1,0.6532628688127681,0.3467371311872319,0,0.6307547823380872,0.36924521766191276,0,0.38474247528979194,0.615257524710208,1,0.3962513855239733,0.6037486144760267,1
5.422436186295855,0.9014120617618512,-0.4063748274578641,-0.4447781023412805,2.806549181239123,-1,0,0.09738389715753254,0.9026161028424675,1,0.1960605174772742,0.8039394825227258,1,0.7370324024776769,0.262967597522323,0,0.691894153908494,0.308105846091506,0,0.3399482089384699,0.6600517910615301,1,0.3634032433452122,0.6365967566547878,1
1.7654924573528394,2.578164763032042,0.0813804095836659,0.9416723974357388,3.229028502857605,-1,0,0.2591165448220529,0.7408834551779472,1,0.3284435844531788,0.6715564155468211,1,0.6361355251812865,0.3638644748187136,0,0.6146239677452024,0.3853760322547976,0,0.40008634534468174,0.5999136546553183,1,0.41095549608539594,0.589044503914604,1
-0.131260793320489,1.6954090190556983,0.1913969907699411,1.6470090630809002,2.0314442938918837,-1,1,0.7723663863505474,0.2276336136494525,0,0.6692771875686975,0.3307228124313026,0,0.3825425907770072,0.6174574092229927,1,0.4123737341699336,0.5876262658300664,1,0.5686809519381973,0.43131904806180277,0,0.5557675184652503,0.4442324815347497,0
2.240578150794112,2.0951262291361354,-0.4188360805014445,0.6714683213666893,2.759418274584105,-1,0,0.08174048520459667,0.9182595147954034,1,0.16981125820681817,0.8301887417931818,1,0.7695211020152928,0.23047889798470714,0,0.7282479304842048,0.27175206951579517,0,0.30131580827435217,0.6986841917256479,1,0.3235655655328324,0.6764344344671676,1
1.25983574163256,0.475292926610269,1.5599767210457411,-1.0208104360441788,0.1097564719560357,-1,1,0.6417210354180791,0.358278964581921,0,0.5808983928741368,0.4191016071258632,0,0.44673868258118465,0.5532613174188155,1,0.46209496834399116,0.5379050316560088,1,0.5283857386116054,0.47161426138839463,0,0.5220437046085707,0.47795629539142925,0
2.10176369982402,2.381156977757505,-0.3515132811139444,1.802417379412186,1.808751898905868,-1,1,0.5697194416659841,0.43028055833401596,0,0.5282777169192149,0.4717222830807852,0,0.4881399381233698,0.5118600618766302,1,0.4964811794599188,0.5035188205400811,1,0.49878186552834675,0.5012181344716532,1,0.4959195703283414,0.5040804296716586,1
-0.0696813203910093,-0.2719889222366296,0.1266066469569538,0.7345561476070745,2.1955269454303936,-1,0,0.27686734444509575,0.7231326555549041,1,0.3441223399951326,0.6558776600048675,1,0.6216470319248798,0.37835296807512014,0,0.6005791496418796,0.39942085035812025,0,0.41391597095819194,0.586084029041808,1,0.4245975627528183,0.5754024372471818,1
-0.5227957677160735,1.865609710065842,1.164251013362594,1.7119373820176662,0.8271606789578667,-1,1,0.9835428639130519,0.016457136086948012,0,0.9243936270620865,0.07560637293791349,0,0.14301976368864744,0.8569802363113525,1,0.1997449759385507,0.8002550240614492,1,0.7559129613837202,0.24408703861627976,0,0.7215009417584893,0.2784990582415106,0
-0.588780230240552,2.3547646898499472,2.485634904815356,0.2427556242369229,2.0696017003032,-1,1,0.9422304304000152,0.0577695695999848,0,0.8473007321413611,0.15269926785863885,0,0.22776549313262107,0.7722345068673789,1,0.2808379769472942,0.7191620230527057,1,0.681398799554406,0.3186012004455939,0,0.6537280965493335,0.3462719034506665,0
0.7493082194887767,1.1271465891206884,1.0865140635463937,1.275115924558568,0.3174473327922846,-1,1,0.9582536302644565,0.041746369735543444,0,0.8690566816550972,0.13094331834490278,0,0.20692942823118252,0.7930705717688175,1,0.2617965132830378,0.7382034867169621,1,0.6988367120494394,0.3011632879505606,0,0.6698311026353422,0.3301688973646579,0
0.7811871816944519,0.7206366813198659,0.5086189211746353,1.391886439436281,1.2142392735745755,-1,1,0.758475724629434,0.24152427537056592,0,0.6569933694551348,0.3430066305448652,0,0.39264970367500585,0.6073502963249943,1,0.42077816368282955,0.5792218363171704,1,0.5615528824244461,0.4384471175755538,0,0.549607799199807,0.4503922008001931,0
2.762505785362013,3.045966181414312,-1.9443384394873509,-0.724031142668637,4.41378376909109,-1,0,0.02960207204727034,0.9703979279527296,1,0.10099185003641228,0.8990081499635878,1,0.8295914566530572,0.17040854334694272,0,0.7744702180938609,0.22552978190613918,0,0.2677386966472795,0.7322613033527205,1,0.30026527968229433,0.6997347203177057,1
1.5584486743981458,3.7481218459469625,1.8810776610695013,0.8763303167752101,0.9247109630578304,-1,1,0.9902760180753908,0.009723981924609144,0,0.9452747976787412,0.05472520232125872,0,0.11416202279938173,0.8858379772006183,1,0.16891024644765112,0.8310897535523489,1,0.7858024896228493,0.21419751037715068,0,0.7493704053740116,0.25062959462598844,0
0.2692558459125898,2.660177350166847,-0.5539571394733895,-1.293246904601542,1.7925954637502215,-1,0,0.16627755118280987,0.8337224488171902,1,0.25993858374499196,0.7400614162550081,1,0.6871561017853612,0.3128438982146387,0,0.6541915311576812,0.34580846884231875,0,0.36831493952338074,0.6316850604766193,1,0.3847457120957042,0.6152542879042958,1
1.4030944848474998,3.223884219840412,-0.915895417849204,1.2166325968419096,0.1776786692732239,-1,1,0.7553127354167999,0.24468726458320014,0,0.6583636355505953,0.34163636444940476,0,0.38896203152426717,0.6110379684757329,1,0.4162267777455592,0.5837732222544407,1,0.5663064401810687,0.43369355981893126,0,0.5542841769834244,0.4457158230165757,0
1.683908476268014,0.49991904121311,1.986413098747,-1.7719338328899294,1.967531212904538,-1,0,0.3143003883398273,0.6856996116601727,1,0.3735357015227402,0.6264642984772599,1,0.5977053931386498,0.40229460686135016,0,0.5805263913300676,0.41947360866993244,0,0.4311089805948525,0.5688910194051474,1,0.4396299318867976,0.5603700681132024,1
1.3950946090932967,0.8373126999065414,2.6557498302780163,1.695573609541501,1.7793822808612418,-1,1,0.9369986021755642,0.06300139782443581,0,0.8391304428689026,0.16086955713109732,0,0.23570911155986282,0.7642908884401373,1,0.28769631602698814,0.7123036839730118,1,0.6756405653964492,0.3243594346035509,0,0.6488912019808664,0.35110879801913364,0
0.824485736885864,0.5743550074598385,0.1847660858685129,1.6863867185293056,1.6645559613161844,-1,1,0.5908731642373054,0.40912683576269454,0,0.5420387943735943,0.4579612056264057,0,0.4782476630728178,0.5217523369271823,1,0.4886675514498393,0.5113324485501607,1,0.5053577258011215,0.4946422741988785,0,0.5016789128516407,0.4983210871483593,0
3.757037300610848,2.215072965574236,1.012223892632937,0.199953060291641,0.0526988046200005,-1,1,0.6992616124283648,0.3007383875716351,0,0.6201889809664113,0.37981101903358877,0,0.4169203468488047,0.5830796531511954,1,0.43807269757819367,0.5619273024218063,1,0.5484692664169556,0.45153073358304435,0,0.5392717533782291,0.46072824662177086,0
2.819909088988161,1.7206544243091622,-1.3186359289308156,1.3731224456798456,3.728263437117174,-1,0,0.055566496720674353,0.9444335032793255,1,0.1403605244298681,0.8596394755701319,1,0.7920508367453565,0.20794916325464355,0,0.7427477325882574,0.25725226741174245,0,0.29366570098021916,0.7063342990197808,1,0.3213282979086543,0.6786717020913456,1
2.4352884836171524,3.1767485054544,0.499615281223754,0.1332922783389346,0.7751781719085084,-1,1,0.7588276562103109,0.24117234378968905,0,0.6598866672736791,0.340113332726321,0,0.3887775208435604,0.6112224791564396,1,0.41691231157189085,0.5830876884281091,1,0.5650762622967991,0.4349237377032008,0,0.5527249251040418,0.4472750748959582,0
1.710170438166794,2.959096495585824,-0.0454566008137237,0.0960813969141324,1.3191929847196286,-1,1,0.5386473775418542,0.46135262245814573,0,0.5078183574714313,0.4921816425285686,0,0.5039627011790724,0.4960372988209277,0,0.5098933364962784,0.4901066635037215,0,0.4868362326360512,0.5131637673639489,1,0.48498181253782474,0.5150181874621753,1
1.434166162832056,3.5990768537388584,2.4427373673343062,1.689615730255598,1.7291432790987196,-1,1,0.9908148206464376,0.0091851793535624,0,0.9482245997246078,0.05177540027539214,0,0.10951196376685007,0.89048803623315,1,0.16388458875192097,0.8361154112480791,1,0.7904659755535905,0.20953402444640934,0,0.7533946739835798,0.2466053260164201,0
0.46076699865946,1.1838373631559596,-1.2118319031468592,2.4707059556854043,1.0576192282052328,-1,1,0.5742635326548716,0.4257364673451284,0,0.5352253375371254,0.4647746624628745,0,0.4805672957987078,0.5194327042012922,1,0.4886123397507227,0.5113876602492773,1,0.5067621448181457,0.49323785518185426,0,0.5038846463395279,0.496115353660472,0
1.3968125925349637,2.897028901320178,-0.4103269772412482,0.3052096228251583,0.0888721671858112,-1,1,0.7368541687457351,0.26314583125426483,0,0.643003128974136,0.356996871025864,0,0.40164688125550063,0.5983531187444993,1,0.4270431313872309,0.5729568686127692,1,0.5568492128132919,0.44315078718670814,0,0.5458639093127207,0.4541360906872793,0
-0.2807417248691672,3.0630675370404226,1.4226453532092709,0.5313397876056616,1.4491006567882208,-1,1,0.9748350325308061,0.025164967469193965,0,0.90297509991439,0.09702490008561017,0,0.1692771889645359,0.8307228110354642,1,0.22626006731751544,0.7737399326824845,1,0.7308195615933158,0.26918043840668415,0,0.6982960671732629,0.3017039328267372,0
2.800693747285452,1.9747945541565048,-0.1642904089310967,-1.8891160315896216,3.884107002492967,-1,0,0.02227261538792967,0.9777273846120702,1,0.08555058833644032,0.9144494116635596,1,0.8483413009971751,0.15165869900282494,0,0.7939314146352418,0.20606858536475833,0,0.24868698455158605,0.751313015448414,1,0.2820814530084235,0.7179185469915765,1
1.6326257609258443,4.290611442802191,-1.668322752500082,-2.44375918937265,1.3004715489909562,-1,0,0.18823661601360073,0.8117633839863992,1,0.283262178979082,0.716737821020918,1,0.663933739308501,0.336066260691499,0,0.6313415503769501,0.36865844962304994,0,0.3906351828945919,0.6093648171054081,1,0.40644201133657687,0.5935579886634231,1
1.6547092666944605,-0.6399489380234127,0.3160639291493212,-0.558733256504246,1.7036528541631486,-1,0,0.10116990945045382,0.8988300905495461,1,0.19656975340096172,0.8034302465990383,1,0.740567822960941,0.259432177039059,0,0.6983866377114926,0.3016133622885074,0,0.3315379954298697,0.6684620045701303,1,0.35380719405128147,0.6461928059487185,1
0.410557374699115,0.5625864512238772,-0.2410526826759169,1.359109165597152,0.0649196586300064,-1,1,0.7183229177773236,0.2816770822226764,0,0.6307113089635065,0.3692886910364934,0,0.4105147926842504,0.5894852073157496,1,0.4336513659032334,0.5663486340967665,1,0.5518323736269379,0.448167626373062,0,0.5419998455194308,0.45800015448056924,0
1.48113155225134,3.3386426293793408,0.7064947438114728,-0.1024834127924538,4.054160486642031,-1,0,0.28102076522921693,0.7189792347707831,1,0.34979613449547964,0.6502038655045205,1,0.6161774946530855,0.3838225053469144,0,0.5958963067893351,0.40410369321066486,0,0.4177732987036811,0.5822267012963189,1,0.4277512624057162,0.5722487375942837,1
1.709632023138856,1.8288072833450968,0.422504015769796,-1.3611135604577846,3.071715298067764,-1,0,0.04102726994349575,0.9589727300565043,1,0.11827888723628034,0.8817211127637196,1,0.816477662200217,0.183522337799783,0,0.7681270400588192,0.23187295994118082,0,0.2679083612001427,0.7320916387998573,1,0.2955592571754821,0.7044407428245179,1
-1.1704717228323955,1.0232732319268016,-2.248670890443238,-1.7306152407322175,1.113477824334168,-1,0,0.13435797641875166,0.8656420235812483,1,0.2352205787924362,0.7647794212075637,1,0.702993320753414,0.297006679246586,0,0.6631369293605645,0.3368630706394356,0,0.3643227675257526,0.6356772324742473,1,0.3842683594259733,0.6157316405740266,1
1.4985457171124597,1.6165967757686337,1.038586644609234,1.2571089322315954,1.8179615212026448,-1,1,0.8535823131712275,0.14641768682877257,0,0.7361158955765947,0.2638841044234053,0,0.3306372986437111,0.669362701356289,1,0.3708280727067822,0.6291719272932179,1,0.6030557372294018,0.3969442627705982,0,0.584994515290261,0.415005484709739,0
2.219734152165466,0.2085543263206906,-0.4617256865436066,1.3513641223924582,0.4901743001543905,-1,0,0.3968701298026135,0.6031298701973865,1,0.4224073286472812,0.5775926713527187,1,0.5634818398547647,0.43651816014523526,0,0.5542523668631241,0.4457476331368759,0,0.4524132049850933,0.5475867950149067,1,0.45751761519518114,0.5424823848048188,1
-0.0878850166691056,5.110554192184347,-0.4922917241407969,-0.9564243850539424,0.9144667046031764,-1,1,0.642938122945562,0.35706187705443804,0,0.5853542723170783,0.4146457276829216,0,0.4412695999416513,0.5587304000583486,1,0.45652678242956335,0.5434732175704365,1,0.5337187831394984,0.4662812168605016,0,0.527039738265649,0.472960261734351,0
3.498015566155745,2.0522451861495314,0.1768715357995489,1.0217451567718292,1.5668973577331524,-1,0,0.41830939949757273,0.5816906005024272,1,0.4357697680710667,0.5642302319289332,1,0.5542226745281981,0.4457773254718019,0,0.5476435462410029,0.45235645375899713,0,0.4571957869304987,0.5428042130695012,1,0.4610045345618162,0.5389954654381838,1
0.7224619899800512,1.263985222677443,1.2820637877470915,-0.584814225956118,1.170603223297761,-1,1,0.6716970384713435,0.32830296152865646,0,0.5965494922772699,0.40345050772273,0,0.43791694269547465,0.5620830573045253,1,0.45704294192448713,0.542957058075513,1,0.5311559324650624,0.46884406753493757,0,0.5233427122148552,0.4766572877851447,0
1.5076123395482528,2.0230433474324387,-0.3188615183103754,2.445043779048106,0.6778895516230308,-1,1,0.8489913785146692,0.15100862148533073,0,0.7360395102294696,0.2639604897705304,0,0.3278324843364455,0.6721675156635545,1,0.366619062587345,0.633380937412655,1,0.6078623966621615,0.39213760333783854,0,0.5899823102645232,0.4100176897354768,0
1.1205165610628327,5.223826715851249,-0.7603316416800124,0.1130479576437128,1.0303070289668983,-1,1,0.6655548690398074,0.33444513096019257,0,0.5991805822507966,0.4008194177492033,0,0.4315261524075511,0.5684738475924489,1,0.4490978042951238,0.5509021957048762,1,0.539665134761922,0.46033486523807804,0,0.5319594676958375,0.4680405323041625,0
